code,label,population,number_of_people,english_proficiency_category
E06000007,Warrington,210974,6272,-8
E06000007,Warrington,210974,193572,1
E06000007,Warrington,210974,4783,2
E06000007,Warrington,210974,4339,3
E06000007,Warrington,210974,1762,4
E06000007,Warrington,210974,247,5
E06000008,Blackburn with Darwen,154738,6023,-8
E06000008,Blackburn with Darwen,154738,130160,1
E06000008,Blackburn with Darwen,154738,5258,2
E06000008,Blackburn with Darwen,154738,7133,3
E06000008,Blackburn with Darwen,154738,5049,4
E06000008,Blackburn with Darwen,154738,1116,5
E06000009,Blackpool,141036,4333,-8
E06000009,Blackpool,141036,130665,1
E06000009,Blackpool,141036,2421,2
E06000009,Blackpool,141036,2479,3
E06000009,Blackpool,141036,985,4
E06000009,Blackpool,141036,153,5
E06000010,Kingston upon Hull,267014,9438,-8
E06000010,Kingston upon Hull,267014,231761,1
E06000010,Kingston upon Hull,267014,8630,2
E06000010,Kingston upon Hull,267014,9652,3
E06000010,Kingston upon Hull,267014,6292,4
E06000010,Kingston upon Hull,267014,1241,5
E06000013,North Lincolnshire,169680,4892,-8
E06000013,North Lincolnshire,169680,154264,1
E06000013,North Lincolnshire,169680,3354,2
E06000013,North Lincolnshire,169680,4419,3
E06000013,North Lincolnshire,169680,2396,4
E06000013,North Lincolnshire,169680,354,5
E06000016,Leicester,368571,12999,-8
E06000016,Leicester,368571,248771,1
E06000016,Leicester,368571,36216,2
E06000016,Leicester,368571,38545,3
E06000016,Leicester,368571,24541,4
E06000016,Leicester,368571,7499,5
E06000025,South Gloucestershire,290424,9519,-8
E06000025,South Gloucestershire,290424,265801,1
E06000025,South Gloucestershire,290424,7835,2
E06000025,South Gloucestershire,290424,5161,3
E06000025,South Gloucestershire,290424,1829,4
E06000025,South Gloucestershire,290424,279,5
E06000046,Isle of Wight,140459,3171,-8
E06000046,Isle of Wight,140459,134738,1
E06000046,Isle of Wight,140459,1388,2
E06000046,Isle of Wight,140459,787,3
E06000046,Isle of Wight,140459,306,4
E06000046,Isle of Wight,140459,70,5
E06000058,Bournemouth Christchurch and Poole,400196,11009,-8
E06000058,Bournemouth Christchurch and Poole,400196,356973,1
E06000058,Bournemouth Christchurch and Poole,400196,16402,2
E06000058,Bournemouth Christchurch and Poole,400196,11476,3
E06000058,Bournemouth Christchurch and Poole,400196,3777,4
E06000058,Bournemouth Christchurch and Poole,400196,559,5
E06000062,West Northamptonshire,425725,14009,-8
E06000062,West Northamptonshire,425725,366766,1
E06000062,West Northamptonshire,425725,17494,2
E06000062,West Northamptonshire,425725,18528,3
E06000062,West Northamptonshire,425725,7783,4
E06000062,West Northamptonshire,425725,1145,5
E07000008,Cambridge,145674,3790,-8
E07000008,Cambridge,145674,113476,1
E07000008,Cambridge,145674,18120,2
E07000008,Cambridge,145674,7777,3
E07000008,Cambridge,145674,2177,4
E07000008,Cambridge,145674,334,5
E07000011,Huntingdonshire,180832,5656,-8
E07000011,Huntingdonshire,180832,165858,1
E07000011,Huntingdonshire,180832,4352,2
E07000011,Huntingdonshire,180832,3434,3
E07000011,Huntingdonshire,180832,1330,4
E07000011,Huntingdonshire,180832,202,5
E07000040,East Devon,150828,3756,-8
E07000040,East Devon,150828,144297,1
E07000040,East Devon,150828,1495,2
E07000040,East Devon,150828,888,3
E07000040,East Devon,150828,305,4
E07000040,East Devon,150828,87,5
E07000043,North Devon,98611,2550,-8
E07000043,North Devon,98611,94235,1
E07000043,North Devon,98611,911,2
E07000043,North Devon,98611,640,3
E07000043,North Devon,98611,234,4
E07000043,North Devon,98611,41,5
E07000044,South Hams,88627,1977,-8
E07000044,South Hams,88627,85427,1
E07000044,South Hams,88627,768,2
E07000044,South Hams,88627,340,3
E07000044,South Hams,88627,94,4
E07000044,South Hams,88627,22,5
E07000064,Rother,93108,2169,-8
E07000064,Rother,93108,89169,1
E07000064,Rother,93108,979,2
E07000064,Rother,93108,565,3
E07000064,Rother,93108,183,4
E07000064,Rother,93108,45,5
E07000066,Basildon,187571,7236,-8
E07000066,Basildon,187571,171066,1
E07000066,Basildon,187571,4721,2
E07000066,Basildon,187571,3224,3
E07000066,Basildon,187571,1138,4
E07000066,Basildon,187571,186,5
E07000070,Chelmsford,181523,5639,-8
E07000070,Chelmsford,181523,166881,1
E07000070,Chelmsford,181523,5107,2
E07000070,Chelmsford,181523,2756,3
E07000070,Chelmsford,181523,996,4
E07000070,Chelmsford,181523,144,5
E07000072,Epping Forest,134980,4791,-8
E07000072,Epping Forest,134980,122312,1
E07000072,Epping Forest,134980,3968,2
E07000072,Epping Forest,134980,2669,3
E07000072,Epping Forest,134980,1063,4
E07000072,Epping Forest,134980,175,5
E07000073,Harlow,93329,3662,-8
E07000073,Harlow,93329,80315,1
E07000073,Harlow,93329,4022,2
E07000073,Harlow,93329,3778,3
E07000073,Harlow,93329,1348,4
E07000073,Harlow,93329,203,5
E07000075,Rochford,85661,2460,-8
E07000075,Rochford,85661,82281,1
E07000075,Rochford,85661,525,2
E07000075,Rochford,85661,261,3
E07000075,Rochford,85661,112,4
E07000075,Rochford,85661,22,5
E07000077,Uttlesford,91341,2876,-8
E07000077,Uttlesford,91341,85775,1
E07000077,Uttlesford,91341,1590,2
E07000077,Uttlesford,91341,776,3
E07000077,Uttlesford,91341,272,4
E07000077,Uttlesford,91341,52,5
E07000081,Gloucester,132416,4341,-8
E07000081,Gloucester,132416,117816,1
E07000081,Gloucester,132416,4399,2
E07000081,Gloucester,132416,3871,3
E07000081,Gloucester,132416,1703,4
E07000081,Gloucester,132416,286,5
E07000087,Fareham,114511,2883,-8
E07000087,Fareham,114511,109469,1
E07000087,Fareham,114511,1244,2
E07000087,Fareham,114511,633,3
E07000087,Fareham,114511,229,4
E07000087,Fareham,114511,55,5
E07000090,Havant,124208,3543,-8
E07000090,Havant,124208,118081,1
E07000090,Havant,124208,1368,2
E07000090,Havant,124208,856,3
E07000090,Havant,124208,311,4
E07000090,Havant,124208,49,5
E07000103,Watford,102246,3892,-8
E07000103,Watford,102246,79640,1
E07000103,Watford,102246,9425,2
E07000103,Watford,102246,6650,3
E07000103,Watford,102246,2298,4
E07000103,Watford,102246,342,5
E07000105,Ashford,132747,4373,-8
E07000105,Ashford,132747,119669,1
E07000105,Ashford,132747,3998,2
E07000105,Ashford,132747,3067,3
E07000105,Ashford,132747,1234,4
E07000105,Ashford,132747,407,5
E07000109,Gravesham,106900,3862,-8
E07000109,Gravesham,106900,90755,1
E07000109,Gravesham,106900,4949,2
E07000109,Gravesham,106900,4697,3
E07000109,Gravesham,106900,2230,4
E07000109,Gravesham,106900,406,5
E07000112,Folkestone and Hythe,109758,2984,-8
E07000112,Folkestone and Hythe,109758,101622,1
E07000112,Folkestone and Hythe,109758,2439,2
E07000112,Folkestone and Hythe,109758,1852,3
E07000112,Folkestone and Hythe,109758,666,4
E07000112,Folkestone and Hythe,109758,195,5
E07000113,Swale,151676,5198,-8
E07000113,Swale,151676,140922,1
E07000113,Swale,151676,2221,2
E07000113,Swale,151676,2288,3
E07000113,Swale,151676,902,4
E07000113,Swale,151676,146,5
E07000119,Fylde,81374,1911,-8
E07000119,Fylde,81374,77708,1
E07000119,Fylde,81374,802,2
E07000119,Fylde,81374,591,3
E07000119,Fylde,81374,309,4
E07000119,Fylde,81374,51,5
E07000120,Hyndburn,82234,2889,-8
E07000120,Hyndburn,82234,74580,1
E07000120,Hyndburn,82234,1300,2
E07000120,Hyndburn,82234,1906,3
E07000120,Hyndburn,82234,1311,4
E07000120,Hyndburn,82234,248,5
E07000121,Lancaster,142934,3997,-8
E07000121,Lancaster,142934,131571,1
E07000121,Lancaster,142934,3510,2
E07000121,Lancaster,142934,2594,3
E07000121,Lancaster,142934,1103,4
E07000121,Lancaster,142934,159,5
E07000126,South Ribble,111035,3156,-8
E07000126,South Ribble,111035,105660,1
E07000126,South Ribble,111035,971,2
E07000126,South Ribble,111035,797,3
E07000126,South Ribble,111035,375,4
E07000126,South Ribble,111035,76,5
E07000128,Wyre,111946,2859,-8
E07000128,Wyre,111946,107709,1
E07000128,Wyre,111946,581,2
E07000128,Wyre,111946,483,3
E07000128,Wyre,111946,247,4
E07000128,Wyre,111946,67,5
E07000134,North West Leicestershire,104706,3220,-8
E07000134,North West Leicestershire,104706,98440,1
E07000134,North West Leicestershire,104706,1357,2
E07000134,North West Leicestershire,104706,1147,3
E07000134,North West Leicestershire,104706,480,4
E07000134,North West Leicestershire,104706,61,5
E07000136,Boston,70502,2072,-8
E07000136,Boston,70502,54259,1
E07000136,Boston,70502,4188,2
E07000136,Boston,70502,5472,3
E07000136,Boston,70502,3779,4
E07000136,Boston,70502,732,5
E07000140,South Holland,95122,2776,-8
E07000140,South Holland,95122,81955,1
E07000140,South Holland,95122,3212,2
E07000140,South Holland,95122,4495,3
E07000140,South Holland,95122,2380,4
E07000140,South Holland,95122,304,5
E07000142,West Lindsey,95156,2509,-8
E07000142,West Lindsey,95156,91185,1
E07000142,West Lindsey,95156,768,2
E07000142,West Lindsey,95156,481,3
E07000142,West Lindsey,95156,185,4
E07000142,West Lindsey,95156,21,5
E07000147,North Norfolk,102980,2050,-8
E07000147,North Norfolk,102980,99615,1
E07000147,North Norfolk,102980,591,2
E07000147,North Norfolk,102980,502,3
E07000147,North Norfolk,102980,176,4
E07000147,North Norfolk,102980,45,5
E07000168,Scarborough,108736,2735,-8
E07000168,Scarborough,108736,102837,1
E07000168,Scarborough,108736,1296,2
E07000168,Scarborough,108736,1148,3
E07000168,Scarborough,108736,612,4
E07000168,Scarborough,108736,108,5
E07000173,Gedling,117264,3479,-8
E07000173,Gedling,117264,110090,1
E07000173,Gedling,117264,1876,2
E07000173,Gedling,117264,1234,3
E07000173,Gedling,117264,514,4
E07000173,Gedling,117264,69,5
E07000174,Mansfield,110482,3474,-8
E07000174,Mansfield,110482,98681,1
E07000174,Mansfield,110482,2771,2
E07000174,Mansfield,110482,3670,3
E07000174,Mansfield,110482,1653,4
E07000174,Mansfield,110482,232,5
E07000178,Oxford,162040,4316,-8
E07000178,Oxford,162040,129117,1
E07000178,Oxford,162040,16087,2
E07000178,Oxford,162040,8914,3
E07000178,Oxford,162040,3129,4
E07000178,Oxford,162040,477,5
E07000188,Sedgemoor,125343,3462,-8
E07000188,Sedgemoor,125343,116143,1
E07000188,Sedgemoor,125343,2291,2
E07000188,Sedgemoor,125343,2382,3
E07000188,Sedgemoor,125343,891,4
E07000188,Sedgemoor,125343,174,5
E07000189,South Somerset,172671,4817,-8
E07000189,South Somerset,172671,160744,1
E07000189,South Somerset,172671,3084,2
E07000189,South Somerset,172671,2725,3
E07000189,South Somerset,172671,1132,4
E07000189,South Somerset,172671,169,5
E07000197,Stafford,136867,3971,-8
E07000197,Stafford,136867,128218,1
E07000197,Stafford,136867,2481,2
E07000197,Stafford,136867,1586,3
E07000197,Stafford,136867,522,4
E07000197,Stafford,136867,89,5
E07000198,Staffordshire Moorlands,95845,2361,-8
E07000198,Staffordshire Moorlands,95845,92663,1
E07000198,Staffordshire Moorlands,95845,404,2
E07000198,Staffordshire Moorlands,95845,275,3
E07000198,Staffordshire Moorlands,95845,113,4
E07000198,Staffordshire Moorlands,95845,29,5
E07000202,Ipswich,139642,4869,-8
E07000202,Ipswich,139642,118944,1
E07000202,Ipswich,139642,5989,2
E07000202,Ipswich,139642,6205,3
E07000202,Ipswich,139642,3091,4
E07000202,Ipswich,139642,544,5
E07000203,Mid Suffolk,102699,2634,-8
E07000203,Mid Suffolk,102699,98582,1
E07000203,Mid Suffolk,102699,766,2
E07000203,Mid Suffolk,102699,498,3
E07000203,Mid Suffolk,102699,197,4
E07000203,Mid Suffolk,102699,22,5
E07000208,Epsom and Ewell,80938,2617,-8
E07000208,Epsom and Ewell,80938,71308,1
E07000208,Epsom and Ewell,80938,3804,2
E07000208,Epsom and Ewell,80938,2187,3
E07000208,Epsom and Ewell,80938,856,4
E07000208,Epsom and Ewell,80938,166,5
E07000214,Surrey Heath,90453,2576,-8
E07000214,Surrey Heath,90453,82147,1
E07000214,Surrey Heath,90453,3125,2
E07000214,Surrey Heath,90453,1769,3
E07000214,Surrey Heath,90453,686,4
E07000214,Surrey Heath,90453,150,5
E07000215,Tandridge,87876,2919,-8
E07000215,Tandridge,87876,82330,1
E07000215,Tandridge,87876,1614,2
E07000215,Tandridge,87876,735,3
E07000215,Tandridge,87876,234,4
E07000215,Tandridge,87876,44,5
E07000218,North Warwickshire,65035,1870,-8
E07000218,North Warwickshire,65035,61897,1
E07000218,North Warwickshire,65035,621,2
E07000218,North Warwickshire,65035,486,3
E07000218,North Warwickshire,65035,130,4
E07000218,North Warwickshire,65035,32,5
E07000229,Worthing,111338,3205,-8
E07000229,Worthing,111338,102364,1
E07000229,Worthing,111338,2990,2
E07000229,Worthing,111338,1969,3
E07000229,Worthing,111338,698,4
E07000229,Worthing,111338,112,5
E07000235,Malvern Hills,79486,1756,-8
E07000235,Malvern Hills,79486,76251,1
E07000235,Malvern Hills,79486,757,2
E07000235,Malvern Hills,79486,481,3
E07000235,Malvern Hills,79486,192,4
E07000235,Malvern Hills,79486,49,5
E07000245,West Suffolk,179948,5817,-8
E07000245,West Suffolk,179948,164367,1
E07000245,West Suffolk,179948,4520,2
E07000245,West Suffolk,179948,3765,3
E07000245,West Suffolk,179948,1295,4
E07000245,West Suffolk,179948,184,5
E07000246,Somerset West and Taunton,157445,4290,-8
E07000246,Somerset West and Taunton,157445,146313,1
E07000246,Somerset West and Taunton,157445,3385,2
E07000246,Somerset West and Taunton,157445,2489,3
E07000246,Somerset West and Taunton,157445,865,4
E07000246,Somerset West and Taunton,157445,103,5
E08000007,Stockport,294773,9733,-8
E08000007,Stockport,294773,272788,1
E08000007,Stockport,294773,5746,2
E08000007,Stockport,294773,4107,3
E08000007,Stockport,294773,2010,4
E08000007,Stockport,294773,389,5
E08000013,St. Helens,183248,5641,-8
E08000013,St. Helens,183248,172666,1
E08000013,St. Helens,183248,1860,2
E08000013,St. Helens,183248,1962,3
E08000013,St. Helens,183248,948,4
E08000013,St. Helens,183248,171,5
E08000018,Rotherham,265807,8500,-8
E08000018,Rotherham,265807,246654,1
E08000018,Rotherham,265807,3900,2
E08000018,Rotherham,265807,4062,3
E08000018,Rotherham,265807,2292,4
E08000018,Rotherham,265807,399,5
E08000019,Sheffield,556521,17711,-8
E08000019,Sheffield,556521,491478,1
E08000019,Sheffield,556521,18228,2
E08000019,Sheffield,556521,18070,3
E08000019,Sheffield,556521,9322,4
E08000019,Sheffield,556521,1712,5
E08000022,North Tyneside,208967,6397,-8
E08000022,North Tyneside,208967,197592,1
E08000022,North Tyneside,208967,2397,2
E08000022,North Tyneside,208967,1487,3
E08000022,North Tyneside,208967,896,4
E08000022,North Tyneside,208967,199,5
E08000023,South Tyneside,147776,4465,-8
E08000023,South Tyneside,147776,140074,1
E08000023,South Tyneside,147776,1298,2
E08000023,South Tyneside,147776,1114,3
E08000023,South Tyneside,147776,677,4
E08000023,South Tyneside,147776,148,5
E08000024,Sunderland,274172,7935,-8
E08000024,Sunderland,274172,259351,1
E08000024,Sunderland,274172,3125,2
E08000024,Sunderland,274172,2357,3
E08000024,Sunderland,274172,1152,4
E08000024,Sunderland,274172,253,5
E08000029,Solihull,216240,6709,-8
E08000029,Solihull,216240,200119,1
E08000029,Solihull,216240,5435,2
E08000029,Solihull,216240,2617,3
E08000029,Solihull,216240,1151,4
E08000029,Solihull,216240,208,5
E08000031,Wolverhampton,263727,9554,-8
E08000031,Wolverhampton,263727,215986,1
E08000031,Wolverhampton,263727,13082,2
E08000031,Wolverhampton,263727,14738,3
E08000031,Wolverhampton,263727,8677,4
E08000031,Wolverhampton,263727,1691,5
E08000033,Calderdale,206631,6571,-8
E08000033,Calderdale,206631,190762,1
E08000033,Calderdale,206631,3244,2
E08000033,Calderdale,206631,3313,3
E08000033,Calderdale,206631,2267,4
E08000033,Calderdale,206631,474,5
E08000034,Kirklees,433216,14721,-8
E08000034,Kirklees,433216,386069,1
E08000034,Kirklees,433216,10235,2
E08000034,Kirklees,433216,12192,3
E08000034,Kirklees,433216,8405,4
E08000034,Kirklees,433216,1592,5
E08000035,Leeds,811956,27561,-8
E08000035,Leeds,811956,713111,1
E08000035,Leeds,811956,30199,2
E08000035,Leeds,811956,26188,3
E08000035,Leeds,811956,12776,4
E08000035,Leeds,811956,2118,5
E09000001,City of London,8583,135,-8
E09000001,City of London,8583,6624,1
E09000001,City of London,8583,1305,2
E09000001,City of London,8583,386,3
E09000001,City of London,8583,116,4
E09000001,City of London,8583,19,5
E09000003,Barnet,389344,14242,-8
E09000003,Barnet,389344,289057,1
E09000003,Barnet,389344,38886,2
E09000003,Barnet,389344,31657,3
E09000003,Barnet,389344,13502,4
E09000003,Barnet,389344,2000,5
E09000008,Croydon,390719,15148,-8
E09000008,Croydon,390719,315336,1
E09000008,Croydon,390719,27514,2
E09000008,Croydon,390719,21728,3
E09000008,Croydon,390719,9490,4
E09000008,Croydon,390719,1504,5
E09000012,Hackney,259146,9950,-8
E09000012,Hackney,259146,199667,1
E09000012,Hackney,259146,23015,2
E09000012,Hackney,259146,14674,3
E09000012,Hackney,259146,9972,4
E09000012,Hackney,259146,1869,5
E09000015,Harrow,261203,9359,-8
E09000015,Harrow,261203,174443,1
E09000015,Harrow,261203,34239,2
E09000015,Harrow,261203,29168,3
E09000015,Harrow,261203,11974,4
E09000015,Harrow,261203,2020,5
E09000017,Hillingdon,305909,11670,-8
E09000017,Hillingdon,305909,229263,1
E09000017,Hillingdon,305909,30038,2
E09000017,Hillingdon,305909,23689,3
E09000017,Hillingdon,305909,9509,4
E09000017,Hillingdon,305909,1739,5
E09000018,Hounslow,288181,10773,-8
E09000018,Hounslow,288181,198853,1
E09000018,Hounslow,288181,36348,2
E09000018,Hounslow,288181,28032,3
E09000018,Hounslow,288181,11898,4
E09000018,Hounslow,288181,2277,5
E09000022,Lambeth,317654,9357,-8
E09000022,Lambeth,317654,253317,1
E09000022,Lambeth,317654,25584,2
E09000022,Lambeth,317654,18080,3
E09000022,Lambeth,317654,9452,4
E09000022,Lambeth,317654,1865,5
E09000025,Newham,351036,14437,-8
E09000025,Newham,351036,220022,1
E09000025,Newham,351036,43497,2
E09000025,Newham,351036,45802,3
E09000025,Newham,351036,23756,4
E09000025,Newham,351036,3521,5
E09000026,Redbridge,310260,12623,-8
E09000026,Redbridge,310260,218924,1
E09000026,Redbridge,310260,32968,2
E09000026,Redbridge,310260,30036,3
E09000026,Redbridge,310260,13705,4
E09000026,Redbridge,310260,2004,5
E09000028,Southwark,307637,9909,-8
E09000028,Southwark,307637,244002,1
E09000028,Southwark,307637,27450,2
E09000028,Southwark,307637,16058,3
E09000028,Southwark,307637,8603,4
E09000028,Southwark,307637,1616,5
E09000032,Wandsworth,327506,11662,-8
E09000032,Wandsworth,327506,261751,1
E09000032,Wandsworth,327506,30641,2
E09000032,Wandsworth,327506,16100,3
E09000032,Wandsworth,327506,6292,4
E09000032,Wandsworth,327506,1060,5
W06000003,Conwy,114741,2936,-8
W06000003,Conwy,114741,109757,1
W06000003,Conwy,114741,1018,2
W06000003,Conwy,114741,662,3
W06000003,Conwy,114741,304,4
W06000003,Conwy,114741,64,5
W06000011,Swansea,238490,6601,-8
W06000011,Swansea,238490,220870,1
W06000011,Swansea,238490,4669,2
W06000011,Swansea,238490,3852,3
W06000011,Swansea,238490,2092,4
W06000011,Swansea,238490,406,5
W06000012,Neath Port Talbot,142289,3969,-8
W06000012,Neath Port Talbot,142289,136319,1
W06000012,Neath Port Talbot,142289,907,2
W06000012,Neath Port Talbot,142289,633,3
W06000012,Neath Port Talbot,142289,359,4
W06000012,Neath Port Talbot,142289,103,5
W06000013,Bridgend,145488,4194,-8
W06000013,Bridgend,145488,138807,1
W06000013,Bridgend,145488,1100,2
W06000013,Bridgend,145488,859,3
W06000013,Bridgend,145488,421,4
W06000013,Bridgend,145488,105,5
W06000014,Vale of Glamorgan,131939,3859,-8
W06000014,Vale of Glamorgan,131939,125798,1
W06000014,Vale of Glamorgan,131939,1348,2
W06000014,Vale of Glamorgan,131939,615,3
W06000014,Vale of Glamorgan,131939,248,4
W06000014,Vale of Glamorgan,131939,71,5
W06000015,Cardiff,362308,11068,-8
W06000015,Cardiff,362308,320150,1
W06000015,Cardiff,362308,13717,2
W06000015,Cardiff,362308,10673,3
W06000015,Cardiff,362308,5698,4
W06000015,Cardiff,362308,1002,5
W06000016,Rhondda Cynon Taf,237651,7333,-8
W06000016,Rhondda Cynon Taf,237651,226867,1
W06000016,Rhondda Cynon Taf,237651,1642,2
W06000016,Rhondda Cynon Taf,237651,1136,3
W06000016,Rhondda Cynon Taf,237651,554,4
W06000016,Rhondda Cynon Taf,237651,118,5
W06000018,Caerphilly,175952,5265,-8
W06000018,Caerphilly,175952,168653,1
W06000018,Caerphilly,175952,950,2
W06000018,Caerphilly,175952,694,3
W06000018,Caerphilly,175952,316,4
W06000018,Caerphilly,175952,75,5
E06000011,East Riding of Yorkshire,342215,8399,-8
E06000011,East Riding of Yorkshire,342215,326484,1
E06000011,East Riding of Yorkshire,342215,3155,2
E06000011,East Riding of Yorkshire,342215,2581,3
E06000011,East Riding of Yorkshire,342215,1353,4
E06000011,East Riding of Yorkshire,342215,243,5
E06000015,Derby,261364,9076,-8
E06000015,Derby,261364,219616,1
E06000015,Derby,261364,12624,2
E06000015,Derby,261364,11811,3
E06000015,Derby,261364,6781,4
E06000015,Derby,261364,1456,5
E06000020,Telford and Wrekin,185541,6231,-8
E06000020,Telford and Wrekin,185541,167409,1
E06000020,Telford and Wrekin,185541,4729,2
E06000020,Telford and Wrekin,185541,4723,3
E06000020,Telford and Wrekin,185541,2097,4
E06000020,Telford and Wrekin,185541,352,5
E06000022,Bath and North East Somerset,193409,5231,-8
E06000022,Bath and North East Somerset,193409,178953,1
E06000022,Bath and North East Somerset,193409,5498,2
E06000022,Bath and North East Somerset,193409,2793,3
E06000022,Bath and North East Somerset,193409,783,4
E06000022,Bath and North East Somerset,193409,151,5
E06000027,Torbay,139324,3506,-8
E06000027,Torbay,139324,131835,1
E06000027,Torbay,139324,1948,2
E06000027,Torbay,139324,1461,3
E06000027,Torbay,139324,489,4
E06000027,Torbay,139324,84,5
E06000030,Swindon,233407,7878,-8
E06000030,Swindon,233407,202988,1
E06000030,Swindon,233407,10415,2
E06000030,Swindon,233407,8117,3
E06000030,Swindon,233407,3322,4
E06000030,Swindon,233407,690,5
E06000031,Peterborough,215671,8260,-8
E06000031,Peterborough,215671,166028,1
E06000031,Peterborough,215671,14957,2
E06000031,Peterborough,215671,17027,3
E06000031,Peterborough,215671,8029,4
E06000031,Peterborough,215671,1373,5
E06000034,Thurrock,176001,7181,-8
E06000034,Thurrock,176001,149725,1
E06000034,Thurrock,176001,8087,2
E06000034,Thurrock,176001,7862,3
E06000034,Thurrock,176001,2700,4
E06000034,Thurrock,176001,444,5
E06000039,Slough,158500,6842,-8
E06000039,Slough,158500,110212,1
E06000039,Slough,158500,17754,2
E06000039,Slough,158500,15836,3
E06000039,Slough,158500,6733,4
E06000039,Slough,158500,1119,5
E06000041,Wokingham,177503,5549,-8
E06000041,Wokingham,177503,158226,1
E06000041,Wokingham,177503,8715,2
E06000041,Wokingham,177503,3572,3
E06000041,Wokingham,177503,1194,4
E06000041,Wokingham,177503,246,5
E06000043,Brighton and Hove,277103,6912,-8
E06000043,Brighton and Hove,277103,245614,1
E06000043,Brighton and Hove,277103,13957,2
E06000043,Brighton and Hove,277103,7502,3
E06000043,Brighton and Hove,277103,2732,4
E06000043,Brighton and Hove,277103,386,5
E06000049,Cheshire East,398772,11440,-8
E06000049,Cheshire East,398772,370917,1
E06000049,Cheshire East,398772,7066,2
E06000049,Cheshire East,398772,6143,3
E06000049,Cheshire East,398772,2748,4
E06000049,Cheshire East,398772,456,5
E06000052,Cornwall,570305,14735,-8
E06000052,Cornwall,570305,545343,1
E06000052,Cornwall,570305,5384,2
E06000052,Cornwall,570305,3256,3
E06000052,Cornwall,570305,1327,4
E06000052,Cornwall,570305,261,5
E06000053,Isles of Scilly,2053,68,-8
E06000053,Isles of Scilly,2053,1940,1
E06000053,Isles of Scilly,2053,27,2
E06000053,Isles of Scilly,2053,14,3
E06000053,Isles of Scilly,2053,4,4
E06000053,Isles of Scilly,2053,1,5
E06000060,Buckinghamshire,553078,17763,-8
E06000060,Buckinghamshire,553078,496435,1
E06000060,Buckinghamshire,553078,19722,2
E06000060,Buckinghamshire,553078,13084,3
E06000060,Buckinghamshire,553078,5168,4
E06000060,Buckinghamshire,553078,906,5
E07000026,Allerdale,96157,2496,-8
E07000026,Allerdale,96157,92585,1
E07000026,Allerdale,96157,525,2
E07000026,Allerdale,96157,372,3
E07000026,Allerdale,96157,136,4
E07000026,Allerdale,96157,39,5
E07000033,Bolsover,80272,2485,-8
E07000033,Bolsover,80272,74883,1
E07000033,Bolsover,80272,842,2
E07000033,Bolsover,80272,1177,3
E07000033,Bolsover,80272,764,4
E07000033,Bolsover,80272,122,5
E07000039,South Derbyshire,107205,3437,-8
E07000039,South Derbyshire,107205,100580,1
E07000039,South Derbyshire,107205,1711,2
E07000039,South Derbyshire,107205,1010,3
E07000039,South Derbyshire,107205,374,4
E07000039,South Derbyshire,107205,95,5
E07000069,Castle Point,89587,2506,-8
E07000069,Castle Point,89587,85609,1
E07000069,Castle Point,89587,654,2
E07000069,Castle Point,89587,533,3
E07000069,Castle Point,89587,241,4
E07000069,Castle Point,89587,47,5
E07000076,Tendring,148291,3866,-8
E07000076,Tendring,148291,142078,1
E07000076,Tendring,148291,1052,2
E07000076,Tendring,148291,841,3
E07000076,Tendring,148291,391,4
E07000076,Tendring,148291,64,5
E07000078,Cheltenham,118836,3396,-8
E07000078,Cheltenham,118836,107474,1
E07000078,Cheltenham,118836,3971,2
E07000078,Cheltenham,118836,2900,3
E07000078,Cheltenham,118836,956,4
E07000078,Cheltenham,118836,139,5
E07000083,Tewkesbury,94884,3096,-8
E07000083,Tewkesbury,94884,88713,1
E07000083,Tewkesbury,94884,1619,2
E07000083,Tewkesbury,94884,1061,3
E07000083,Tewkesbury,94884,345,4
E07000083,Tewkesbury,94884,50,5
E07000089,Hart,99408,2988,-8
E07000089,Hart,99408,92848,1
E07000089,Hart,99408,2032,2
E07000089,Hart,99408,1144,3
E07000089,Hart,99408,336,4
E07000089,Hart,99408,60,5
E07000092,Rushmoor,99756,3786,-8
E07000092,Rushmoor,99756,81544,1
E07000092,Rushmoor,99756,5764,2
E07000092,Rushmoor,99756,5139,3
E07000092,Rushmoor,99756,2397,4
E07000092,Rushmoor,99756,1129,5
E07000094,Winchester,127444,3433,-8
E07000094,Winchester,127444,119744,1
E07000094,Winchester,127444,2461,2
E07000094,Winchester,127444,1306,3
E07000094,Winchester,127444,405,4
E07000094,Winchester,127444,95,5
E07000107,Dartford,116753,4931,-8
E07000107,Dartford,116753,101365,1
E07000107,Dartford,116753,5411,2
E07000107,Dartford,116753,3589,3
E07000107,Dartford,116753,1239,4
E07000107,Dartford,116753,218,5
E07000122,Pendle,95757,3510,-8
E07000122,Pendle,95757,80846,1
E07000122,Pendle,95757,2377,2
E07000122,Pendle,95757,4728,3
E07000122,Pendle,95757,3471,4
E07000122,Pendle,95757,823,5
E07000124,Ribble Valley,61561,1509,-8
E07000124,Ribble Valley,61561,59209,1
E07000124,Ribble Valley,61561,413,2
E07000124,Ribble Valley,61561,281,3
E07000124,Ribble Valley,61561,136,4
E07000124,Ribble Valley,61561,12,5
E07000131,Harborough,97625,2767,-8
E07000131,Harborough,97625,92200,1
E07000131,Harborough,97625,1497,2
E07000131,Harborough,97625,784,3
E07000131,Harborough,97625,322,4
E07000131,Harborough,97625,55,5
E07000133,Melton,51752,1384,-8
E07000133,Melton,51752,48933,1
E07000133,Melton,51752,618,2
E07000133,Melton,51752,584,3
E07000133,Melton,51752,207,4
E07000133,Melton,51752,26,5
E07000148,Norwich,143922,4094,-8
E07000148,Norwich,143922,125783,1
E07000148,Norwich,143922,6614,2
E07000148,Norwich,143922,5162,3
E07000148,Norwich,143922,2016,4
E07000148,Norwich,143922,253,5
E07000149,South Norfolk,141948,3964,-8
E07000149,South Norfolk,141948,134429,1
E07000149,South Norfolk,141948,1964,2
E07000149,South Norfolk,141948,1090,3
E07000149,South Norfolk,141948,417,4
E07000149,South Norfolk,141948,81,5
E07000163,Craven,56927,1339,-8
E07000163,Craven,56927,54685,1
E07000163,Craven,56927,452,2
E07000163,Craven,56927,315,3
E07000163,Craven,56927,117,4
E07000163,Craven,56927,19,5
E07000165,Harrogate,162666,4124,-8
E07000165,Harrogate,162666,153513,1
E07000165,Harrogate,162666,2424,2
E07000165,Harrogate,162666,1870,3
E07000165,Harrogate,162666,643,4
E07000165,Harrogate,162666,93,5
E07000170,Ashfield,126300,3894,-8
E07000170,Ashfield,126300,118470,1
E07000170,Ashfield,126300,1702,2
E07000170,Ashfield,126300,1565,3
E07000170,Ashfield,126300,571,4
E07000170,Ashfield,126300,98,5
E07000171,Bassetlaw,117804,3426,-8
E07000171,Bassetlaw,117804,109625,1
E07000171,Bassetlaw,117804,1623,2
E07000171,Bassetlaw,117804,1972,3
E07000171,Bassetlaw,117804,1022,4
E07000171,Bassetlaw,117804,134,5
E07000176,Rushcliffe,119077,3362,-8
E07000176,Rushcliffe,119077,112214,1
E07000176,Rushcliffe,119077,2209,2
E07000176,Rushcliffe,119077,915,3
E07000176,Rushcliffe,119077,331,4
E07000176,Rushcliffe,119077,47,5
E07000177,Cherwell,161016,5526,-8
E07000177,Cherwell,161016,141071,1
E07000177,Cherwell,161016,6664,2
E07000177,Cherwell,161016,5577,3
E07000177,Cherwell,161016,1882,4
E07000177,Cherwell,161016,299,5
E07000179,South Oxfordshire,149085,4615,-8
E07000179,South Oxfordshire,149085,137542,1
E07000179,South Oxfordshire,149085,3931,2
E07000179,South Oxfordshire,149085,2153,3
E07000179,South Oxfordshire,149085,721,4
E07000179,South Oxfordshire,149085,123,5
E07000200,Babergh,92341,2288,-8
E07000200,Babergh,92341,88494,1
E07000200,Babergh,92341,807,2
E07000200,Babergh,92341,547,3
E07000200,Babergh,92341,174,4
E07000200,Babergh,92341,31,5
E07000211,Reigate and Banstead,150846,5277,-8
E07000211,Reigate and Banstead,150846,136506,1
E07000211,Reigate and Banstead,150846,5333,2
E07000211,Reigate and Banstead,150846,2690,3
E07000211,Reigate and Banstead,150846,894,4
E07000211,Reigate and Banstead,150846,146,5
E07000219,Nuneaton and Bedworth,134197,4598,-8
E07000219,Nuneaton and Bedworth,134197,120055,1
E07000219,Nuneaton and Bedworth,134197,4113,2
E07000219,Nuneaton and Bedworth,134197,3690,3
E07000219,Nuneaton and Bedworth,134197,1460,4
E07000219,Nuneaton and Bedworth,134197,282,5
E07000220,Rugby,114363,3706,-8
E07000220,Rugby,114363,97906,1
E07000220,Rugby,114363,5661,2
E07000220,Rugby,114363,5158,3
E07000220,Rugby,114363,1716,4
E07000220,Rugby,114363,215,5
E07000221,Stratford-on-Avon,134725,3587,-8
E07000221,Stratford-on-Avon,134725,126693,1
E07000221,Stratford-on-Avon,134725,2281,2
E07000221,Stratford-on-Avon,134725,1527,3
E07000221,Stratford-on-Avon,134725,547,4
E07000221,Stratford-on-Avon,134725,90,5
E07000226,Crawley,118493,4579,-8
E07000226,Crawley,118493,96070,1
E07000226,Crawley,118493,8135,2
E07000226,Crawley,118493,6784,3
E07000226,Crawley,118493,2512,4
E07000226,Crawley,118493,412,5
E07000228,Mid Sussex,152566,4736,-8
E07000228,Mid Sussex,152566,141876,1
E07000228,Mid Sussex,152566,3530,2
E07000228,Mid Sussex,152566,1726,3
E07000228,Mid Sussex,152566,608,4
E07000228,Mid Sussex,152566,93,5
E07000236,Redditch,87036,2924,-8
E07000236,Redditch,87036,77713,1
E07000236,Redditch,87036,2370,2
E07000236,Redditch,87036,2866,3
E07000236,Redditch,87036,1017,4
E07000236,Redditch,87036,146,5
E07000239,Wyre Forest,101607,2746,-8
E07000239,Wyre Forest,101607,96531,1
E07000239,Wyre Forest,101607,968,2
E07000239,Wyre Forest,101607,972,3
E07000239,Wyre Forest,101607,339,4
E07000239,Wyre Forest,101607,53,5
E08000001,Bolton,295963,10879,-8
E08000001,Bolton,295963,253869,1
E08000001,Bolton,295963,9764,2
E08000001,Bolton,295963,12303,3
E08000001,Bolton,295963,7590,4
E08000001,Bolton,295963,1558,5
E08000004,Oldham,242088,9358,-8
E08000004,Oldham,242088,207898,1
E08000004,Oldham,242088,6692,2
E08000004,Oldham,242088,9247,3
E08000004,Oldham,242088,7246,4
E08000004,Oldham,242088,1647,5
E08000005,Rochdale,223773,8611,-8
E08000005,Rochdale,223773,194800,1
E08000005,Rochdale,223773,6225,2
E08000005,Rochdale,223773,7872,3
E08000005,Rochdale,223773,5278,4
E08000005,Rochdale,223773,987,5
E08000006,Salford,269923,10553,-8
E08000006,Salford,269923,229864,1
E08000006,Salford,269923,12290,2
E08000006,Salford,269923,10804,3
E08000006,Salford,269923,5532,4
E08000006,Salford,269923,879,5
E08000009,Trafford,235052,7669,-8
E08000009,Trafford,235052,211103,1
E08000009,Trafford,235052,8555,2
E08000009,Trafford,235052,5017,3
E08000009,Trafford,235052,2349,4
E08000009,Trafford,235052,359,5
E08000017,Doncaster,308106,10133,-8
E08000017,Doncaster,308106,276387,1
E08000017,Doncaster,308106,7260,2
E08000017,Doncaster,308106,9287,3
E08000017,Doncaster,308106,4295,4
E08000017,Doncaster,308106,742,5
E08000027,Dudley,323486,10618,-8
E08000027,Dudley,323486,298942,1
E08000027,Dudley,323486,4968,2
E08000027,Dudley,323486,5211,3
E08000027,Dudley,323486,3097,4
E08000027,Dudley,323486,652,5
E08000032,Bradford,546412,21293,-8
E08000032,Bradford,546412,459904,1
E08000032,Bradford,546412,18591,2
E08000032,Bradford,546412,24829,3
E08000032,Bradford,546412,17951,4
E08000032,Bradford,546412,3843,5
E09000001,City of London,8583,135,-8
E09000001,City of London,8583,6624,1
E09000001,City of London,8583,1305,2
E09000001,City of London,8583,386,3
E09000001,City of London,8583,116,4
E09000001,City of London,8583,19,5
E09000007,Camden,210136,6102,-8
E09000007,Camden,210136,160655,1
E09000007,Camden,210136,25430,2
E09000007,Camden,210136,11891,3
E09000007,Camden,210136,5198,4
E09000007,Camden,210136,860,5
E09000010,Enfield,329984,12344,-8
E09000010,Enfield,329984,242839,1
E09000010,Enfield,329984,25292,2
E09000010,Enfield,329984,28460,3
E09000010,Enfield,329984,17997,4
E09000010,Enfield,329984,3052,5
E09000011,Greenwich,289068,11476,-8
E09000011,Greenwich,289068,227031,1
E09000011,Greenwich,289068,24449,2
E09000011,Greenwich,289068,16854,3
E09000011,Greenwich,289068,7724,4
E09000011,Greenwich,289068,1534,5
E09000013,Hammersmith and Fulham,183157,5519,-8
E09000013,Hammersmith and Fulham,183157,139670,1
E09000013,Hammersmith and Fulham,183157,22711,2
E09000013,Hammersmith and Fulham,183157,10975,3
E09000013,Hammersmith and Fulham,183157,3737,4
E09000013,Hammersmith and Fulham,183157,545,5
E09000019,Islington,216589,6951,-8
E09000019,Islington,216589,169831,1
E09000019,Islington,216589,22659,2
E09000019,Islington,216589,10992,3
E09000019,Islington,216589,5286,4
E09000019,Islington,216589,870,5
E09000021,Kingston upon Thames,168063,5562,-8
E09000021,Kingston upon Thames,168063,134395,1
E09000021,Kingston upon Thames,168063,14243,2
E09000021,Kingston upon Thames,168063,9451,3
E09000021,Kingston upon Thames,168063,3880,4
E09000021,Kingston upon Thames,168063,533,5
E09000023,Lewisham,300553,11660,-8
E09000023,Lewisham,300553,242028,1
E09000023,Lewisham,300553,22055,2
E09000023,Lewisham,300553,15373,3
E09000023,Lewisham,300553,7987,4
E09000023,Lewisham,300553,1450,5
E09000024,Merton,215186,8220,-8
E09000024,Merton,215186,162563,1
E09000024,Merton,215186,20874,2
E09000024,Merton,215186,15867,3
E09000024,Merton,215186,6715,4
E09000024,Merton,215186,948,5
E09000027,Richmond upon Thames,195278,6390,-8
E09000027,Richmond upon Thames,195278,167514,1
E09000027,Richmond upon Thames,195278,13209,2
E09000027,Richmond upon Thames,195278,5731,3
E09000027,Richmond upon Thames,195278,2087,4
E09000027,Richmond upon Thames,195278,347,5
E09000029,Sutton,209639,7385,-8
E09000029,Sutton,209639,173379,1
E09000029,Sutton,209639,15289,2
E09000029,Sutton,209639,9709,3
E09000029,Sutton,209639,3363,4
E09000029,Sutton,209639,514,5
E09000031,Waltham Forest,278426,11788,-8
E09000031,Waltham Forest,278426,206863,1
E09000031,Waltham Forest,278426,22586,2
E09000031,Waltham Forest,278426,24055,3
E09000031,Waltham Forest,278426,11456,4
E09000031,Waltham Forest,278426,1678,5
W06000001,Isle of Anglesey,68878,1792,-8
W06000001,Isle of Anglesey,68878,66462,1
W06000001,Isle of Anglesey,68878,305,2
W06000001,Isle of Anglesey,68878,196,3
W06000001,Isle of Anglesey,68878,101,4
W06000001,Isle of Anglesey,68878,22,5
W06000002,Gwynedd,117393,3086,-8
W06000002,Gwynedd,117393,111446,1
W06000002,Gwynedd,117393,1437,2
W06000002,Gwynedd,117393,935,3
W06000002,Gwynedd,117393,413,4
W06000002,Gwynedd,117393,76,5
W06000006,Wrexham,135117,4032,-8
W06000006,Wrexham,135117,124402,1
W06000006,Wrexham,135117,2307,2
W06000006,Wrexham,135117,2627,3
W06000006,Wrexham,135117,1490,4
W06000006,Wrexham,135117,258,5
W06000008,Ceredigion,71475,1564,-8
W06000008,Ceredigion,71475,67848,1
W06000008,Ceredigion,71475,1208,2
W06000008,Ceredigion,71475,602,3
W06000008,Ceredigion,71475,225,4
W06000008,Ceredigion,71475,27,5
W06000009,Pembrokeshire,123360,3152,-8
W06000009,Pembrokeshire,123360,118571,1
W06000009,Pembrokeshire,123360,780,2
W06000009,Pembrokeshire,123360,500,3
W06000009,Pembrokeshire,123360,285,4
W06000009,Pembrokeshire,123360,72,5
W06000010,Carmarthenshire,187897,5178,-8
W06000010,Carmarthenshire,187897,178287,1
W06000010,Carmarthenshire,187897,1695,2
W06000010,Carmarthenshire,187897,1425,3
W06000010,Carmarthenshire,187897,1041,4
W06000010,Carmarthenshire,187897,272,5
W06000020,Torfaen,92276,2896,-8
W06000020,Torfaen,92276,88059,1
W06000020,Torfaen,92276,565,2
W06000020,Torfaen,92276,515,3
W06000020,Torfaen,92276,182,4
W06000020,Torfaen,92276,58,5
W06000021,Monmouthshire,92957,2267,-8
W06000021,Monmouthshire,92957,89231,1
W06000021,Monmouthshire,92957,786,2
W06000021,Monmouthshire,92957,489,3
W06000021,Monmouthshire,92957,159,4
W06000021,Monmouthshire,92957,26,5
W06000022,Newport,159592,5715,-8
W06000022,Newport,159592,143840,1
W06000022,Newport,159592,3911,2
W06000022,Newport,159592,3807,3
W06000022,Newport,159592,1962,4
W06000022,Newport,159592,356,5
W06000023,Powys,133169,3267,-8
W06000023,Powys,133169,127410,1
E06000002,Middlesbrough,143926,5107,-8
E06000002,Middlesbrough,143926,128306,1
E06000002,Middlesbrough,143926,3724,2
E06000002,Middlesbrough,143926,4111,3
E06000002,Middlesbrough,143926,2281,4
E06000002,Middlesbrough,143926,395,5
E06000006,Halton,128478,4044,-8
E06000006,Halton,128478,121114,1
E06000006,Halton,128478,1271,2
E06000006,Halton,128478,1282,3
E06000006,Halton,128478,617,4
E06000006,Halton,128478,150,5
E06000012,North East Lincolnshire,156966,4909,-8
E06000012,North East Lincolnshire,156966,146176,1
E06000012,North East Lincolnshire,156966,1962,2
E06000012,North East Lincolnshire,156966,2501,3
E06000012,North East Lincolnshire,156966,1287,4
E06000012,North East Lincolnshire,156966,131,5
E06000024,North Somerset,216726,6210,-8
E06000024,North Somerset,216726,202255,1
E06000024,North Somerset,216726,3948,2
E06000024,North Somerset,216726,3099,3
E06000024,North Somerset,216726,1035,4
E06000024,North Somerset,216726,182,5
E06000036,Bracknell Forest,124607,4209,-8
E06000036,Bracknell Forest,124607,111127,1
E06000036,Bracknell Forest,124607,5053,2
E06000036,Bracknell Forest,124607,3091,3
E06000036,Bracknell Forest,124607,924,4
E06000036,Bracknell Forest,124607,206,5
E06000042,Milton Keynes,287060,10192,-8
E06000042,Milton Keynes,287060,241997,1
E06000042,Milton Keynes,287060,17378,2
E06000042,Milton Keynes,287060,12745,3
E06000042,Milton Keynes,287060,4158,4
E06000042,Milton Keynes,287060,591,5
E06000047,County Durham,522068,14401,-8
E06000047,County Durham,522068,498104,1
E06000047,County Durham,522068,4760,2
E06000047,County Durham,522068,3296,3
E06000047,County Durham,522068,1243,4
E06000047,County Durham,522068,264,5
E06000050,Cheshire West and Chester,357150,10221,-8
E06000050,Cheshire West and Chester,357150,335329,1
E06000050,Cheshire West and Chester,357150,5802,2
E06000050,Cheshire West and Chester,357150,3847,3
E06000050,Cheshire West and Chester,357150,1664,4
E06000050,Cheshire West and Chester,357150,288,5
E07000027,Barrow-in-Furness,67407,2042,-8
E07000027,Barrow-in-Furness,67407,64323,1
E07000027,Barrow-in-Furness,67407,465,2
E07000027,Barrow-in-Furness,67407,354,3
E07000027,Barrow-in-Furness,67407,182,4
E07000027,Barrow-in-Furness,67407,41,5
E07000038,North East Derbyshire,102001,2768,-8
E07000038,North East Derbyshire,102001,98124,1
E07000038,North East Derbyshire,102001,563,2
E07000038,North East Derbyshire,102001,375,3
E07000038,North East Derbyshire,102001,130,4
E07000038,North East Derbyshire,102001,43,5
E07000061,Eastbourne,101686,2739,-8
E07000061,Eastbourne,101686,91681,1
E07000061,Eastbourne,101686,3454,2
E07000061,Eastbourne,101686,2658,3
E07000061,Eastbourne,101686,977,4
E07000061,Eastbourne,101686,177,5
E07000065,Wealden,160152,4127,-8
E07000065,Wealden,160152,152877,1
E07000065,Wealden,160152,1839,2
E07000065,Wealden,160152,953,3
E07000065,Wealden,160152,302,4
E07000065,Wealden,160152,53,5
E07000084,Basingstoke and Deane,185154,6168,-8
E07000084,Basingstoke and Deane,185154,166352,1
E07000084,Basingstoke and Deane,185154,6530,2
E07000084,Basingstoke and Deane,185154,4316,3
E07000084,Basingstoke and Deane,185154,1462,4
E07000084,Basingstoke and Deane,185154,326,5
E07000085,East Hampshire,125744,3436,-8
E07000085,East Hampshire,125744,118808,1
E07000085,East Hampshire,125744,1889,2
E07000085,East Hampshire,125744,1150,3
E07000085,East Hampshire,125744,383,4
E07000085,East Hampshire,125744,78,5
E07000099,North Hertfordshire,133210,4436,-8
E07000099,North Hertfordshire,133210,123183,1
E07000099,North Hertfordshire,133210,3183,2
E07000099,North Hertfordshire,133210,1619,3
E07000099,North Hertfordshire,133210,671,4
E07000099,North Hertfordshire,133210,114,5
E07000110,Maidstone,175782,6085,-8
E07000110,Maidstone,175782,156418,1
E07000110,Maidstone,175782,5884,2
E07000110,Maidstone,175782,5225,3
E07000110,Maidstone,175782,1740,4
E07000110,Maidstone,175782,430,5
E07000111,Sevenoaks,120514,3858,-8
E07000111,Sevenoaks,120514,112707,1
E07000111,Sevenoaks,120514,2500,2
E07000111,Sevenoaks,120514,1037,3
E07000111,Sevenoaks,120514,362,4
E07000111,Sevenoaks,120514,53,5
E07000114,Thanet,140587,4309,-8
E07000114,Thanet,140587,129876,1
E07000114,Thanet,140587,2583,2
E07000114,Thanet,140587,2311,3
E07000114,Thanet,140587,1234,4
E07000114,Thanet,140587,274,5
E07000117,Burnley,94646,3407,-8
E07000117,Burnley,94646,83069,1
E07000117,Burnley,94646,2208,2
E07000117,Burnley,94646,3231,3
E07000117,Burnley,94646,2245,4
E07000117,Burnley,94646,486,5
E07000123,Preston,147835,5309,-8
E07000123,Preston,147835,124868,1
E07000123,Preston,147835,7086,2
E07000123,Preston,147835,6715,3
E07000123,Preston,147835,3299,4
E07000123,Preston,147835,558,5
E07000127,West Lancashire,117429,3033,-8
E07000127,West Lancashire,117429,110645,1
E07000127,West Lancashire,117429,1394,2
E07000127,West Lancashire,117429,1530,3
E07000127,West Lancashire,117429,706,4
E07000127,West Lancashire,117429,121,5
E07000129,Blaby,102926,3284,-8
E07000129,Blaby,102926,94369,1
E07000129,Blaby,102926,2566,2
E07000129,Blaby,102926,1803,3
E07000129,Blaby,102926,748,4
E07000129,Blaby,102926,156,5
E07000130,Charnwood,183971,5300,-8
E07000130,Charnwood,183971,166768,1
E07000130,Charnwood,183971,5847,2
E07000130,Charnwood,183971,4063,3
E07000130,Charnwood,183971,1711,4
E07000130,Charnwood,183971,282,5
E07000135,Oadby and Wigston,57747,1587,-8
E07000135,Oadby and Wigston,57747,50500,1
E07000135,Oadby and Wigston,57747,2970,2
E07000135,Oadby and Wigston,57747,1745,3
E07000135,Oadby and Wigston,57747,798,4
E07000135,Oadby and Wigston,57747,146,5
E07000138,Lincoln,103813,3051,-8
E07000138,Lincoln,103813,90922,1
E07000138,Lincoln,103813,3777,2
E07000138,Lincoln,103813,3964,3
E07000138,Lincoln,103813,1805,4
E07000138,Lincoln,103813,295,5
E07000141,South Kesteven,143404,3844,-8
E07000141,South Kesteven,143404,133578,1
E07000141,South Kesteven,143404,2506,2
E07000141,South Kesteven,143404,2442,3
E07000141,South Kesteven,143404,886,4
E07000141,South Kesteven,143404,148,5
E07000145,Great Yarmouth,99748,2856,-8
E07000145,Great Yarmouth,99748,90758,1
E07000145,Great Yarmouth,99748,2166,2
E07000145,Great Yarmouth,99748,2328,3
E07000145,Great Yarmouth,99748,1362,4
E07000145,Great Yarmouth,99748,278,5
E07000166,Richmondshire,49776,1351,-8
E07000166,Richmondshire,49776,46839,1
E07000166,Richmondshire,49776,786,2
E07000166,Richmondshire,49776,662,3
E07000166,Richmondshire,49776,115,4
E07000166,Richmondshire,49776,23,5
E07000167,Ryedale,54707,1346,-8
E07000167,Ryedale,54707,52203,1
E07000167,Ryedale,54707,460,2
E07000167,Ryedale,54707,414,3
E07000167,Ryedale,54707,249,4
E07000167,Ryedale,54707,36,5
E07000169,Selby,91988,2878,-8
E07000169,Selby,91988,86596,1
E07000169,Selby,91988,981,2
E07000169,Selby,91988,1015,3
E07000169,Selby,91988,460,4
E07000169,Selby,91988,59,5
E07000175,Newark and Sherwood,122956,3528,-8
E07000175,Newark and Sherwood,122956,114535,1
E07000175,Newark and Sherwood,122956,1969,2
E07000175,Newark and Sherwood,122956,2000,3
E07000175,Newark and Sherwood,122956,816,4
E07000175,Newark and Sherwood,122956,107,5
E07000192,Cannock Chase,100519,3339,-8
E07000192,Cannock Chase,100519,95458,1
E07000192,Cannock Chase,100519,762,2
E07000192,Cannock Chase,100519,650,3
E07000192,Cannock Chase,100519,257,4
E07000192,Cannock Chase,100519,53,5
E07000194,Lichfield,106436,2995,-8
E07000194,Lichfield,106436,101315,1
E07000194,Lichfield,106436,1031,2
E07000194,Lichfield,106436,752,3
E07000194,Lichfield,106436,290,4
E07000194,Lichfield,106436,50,5
E07000199,Tamworth,78646,2594,-8
E07000199,Tamworth,78646,72762,1
E07000199,Tamworth,78646,1393,2
E07000199,Tamworth,78646,1433,3
E07000199,Tamworth,78646,405,4
E07000199,Tamworth,78646,57,5
E07000210,Mole Valley,87386,2318,-8
E07000210,Mole Valley,87386,81957,1
E07000210,Mole Valley,87386,1722,2
E07000210,Mole Valley,87386,1001,3
E07000210,Mole Valley,87386,331,4
E07000210,Mole Valley,87386,57,5
E07000217,Woking,103943,3682,-8
E07000217,Woking,103943,89042,1
E07000217,Woking,103943,5700,2
E07000217,Woking,103943,3754,3
E07000217,Woking,103943,1485,4
E07000217,Woking,103943,279,5
E07000222,Warwick,148453,4409,-8
E07000222,Warwick,148453,131957,1
E07000222,Warwick,148453,7202,2
E07000222,Warwick,148453,3390,3
E07000222,Warwick,148453,1278,4
E07000222,Warwick,148453,217,5
E07000237,Worcester,103872,3180,-8
E07000237,Worcester,103872,92870,1
E07000237,Worcester,103872,3534,2
E07000237,Worcester,103872,3043,3
E07000237,Worcester,103872,1069,4
E07000237,Worcester,103872,174,5
E07000240,St Albans,148167,4965,-8
E07000240,St Albans,148167,134129,1
E07000240,St Albans,148167,5310,2
E07000240,St Albans,148167,2565,3
E07000240,St Albans,148167,1026,4
E07000240,St Albans,148167,168,5
E07000241,Welwyn Hatfield,119836,3862,-8
E07000241,Welwyn Hatfield,119836,103815,1
E07000241,Welwyn Hatfield,119836,6275,2
E07000241,Welwyn Hatfield,119836,4339,3
E07000241,Welwyn Hatfield,119836,1396,4
E07000241,Welwyn Hatfield,119836,147,5
E07000242,East Hertfordshire,150158,4879,-8
E07000242,East Hertfordshire,150158,138584,1
E07000242,East Hertfordshire,150158,3888,2
E07000242,East Hertfordshire,150158,2077,3
E07000242,East Hertfordshire,150158,633,4
E07000242,East Hertfordshire,150158,100,5
E07000243,Stevenage,89495,3294,-8
E07000243,Stevenage,89495,79174,1
E07000243,Stevenage,89495,3732,2
E07000243,Stevenage,89495,2370,3
E07000243,Stevenage,89495,802,4
E07000243,Stevenage,89495,123,5
E07000244,East Suffolk,246058,6060,-8
E07000244,East Suffolk,246058,235021,1
E07000244,East Suffolk,246058,2425,2
E07000244,East Suffolk,246058,1752,3
E07000244,East Suffolk,246058,693,4
E07000244,East Suffolk,246058,107,5
E08000010,Wigan,329330,10229,-8
E08000010,Wigan,329330,307912,1
E08000010,Wigan,329330,4365,2
E08000010,Wigan,329330,4450,3
E08000010,Wigan,329330,2067,4
E08000010,Wigan,329330,307,5
E08000015,Wirral,320199,9511,-8
E08000015,Wirral,320199,303454,1
E08000015,Wirral,320199,3326,2
E08000015,Wirral,320199,2378,3
E08000015,Wirral,320199,1242,4
E08000015,Wirral,320199,288,5
E08000016,Barnsley,244572,7867,-8
E08000016,Barnsley,244572,226571,1
E08000016,Barnsley,244572,3626,2
E08000016,Barnsley,244572,4439,3
E08000016,Barnsley,244572,1793,4
E08000016,Barnsley,244572,276,5
E08000021,Newcastle upon Tyne,300125,9162,-8
E08000021,Newcastle upon Tyne,300125,260069,1
E08000021,Newcastle upon Tyne,300125,13352,2
E08000021,Newcastle upon Tyne,300125,10933,3
E08000021,Newcastle upon Tyne,300125,5653,4
E08000021,Newcastle upon Tyne,300125,956,5
E08000025,Birmingham,1144919,44012,-8
E08000025,Birmingham,1144919,929445,1
E08000025,Birmingham,1144919,57964,2
E08000025,Birmingham,1144919,62499,3
E08000025,Birmingham,1144919,42140,4
E08000025,Birmingham,1144919,8859,5
E08000028,Sandwell,341832,13084,-8
E08000028,Sandwell,341832,274709,1
E08000028,Sandwell,341832,17226,2
E08000028,Sandwell,341832,20420,3
E08000028,Sandwell,341832,13420,4
E08000028,Sandwell,341832,2973,5
E08000030,Walsall,284124,10718,-8
E08000030,Walsall,284124,246705,1
E08000030,Walsall,284124,9413,2
E08000030,Walsall,284124,9780,3
E08000030,Walsall,284124,6248,4
E08000030,Walsall,284124,1260,5
E08000036,Wakefield,353368,11878,-8
E08000036,Wakefield,353368,322562,1
E08000036,Wakefield,353368,6706,2
E08000036,Wakefield,353368,7658,3
E08000036,Wakefield,353368,3885,4
E08000036,Wakefield,353368,681,5
E09000004,Bexley,246472,8835,-8
E09000004,Bexley,246472,214970,1
E09000004,Bexley,246472,11147,2
E09000004,Bexley,246472,7639,3
E09000004,Bexley,246472,3324,4
E09000004,Bexley,246472,557,5
E09000005,Brent,339816,12045,-8
E09000005,Brent,339816,217371,1
E09000005,Brent,339816,43039,2
E09000005,Brent,339816,42680,3
E09000005,Brent,339816,20618,4
E09000005,Brent,339816,4063,5
E09000006,Bromley,329992,11383,-8
E09000006,Bromley,329992,292904,1
E09000006,Bromley,329992,14952,2
E09000006,Bromley,329992,7604,3
E09000006,Bromley,329992,2707,4
E09000006,Bromley,329992,442,5
E09000014,Haringey,264238,9112,-8
E09000014,Haringey,264238,185666,1
E09000014,Haringey,264238,25880,2
E09000014,Haringey,264238,24854,3
E09000014,Haringey,264238,15762,4
E09000014,Haringey,264238,2970,5
E09000016,Havering,262052,9770,-8
E09000016,Havering,262052,227346,1
E09000016,Havering,262052,11539,2
E09000016,Havering,262052,9198,3
E09000016,Havering,262052,3567,4
E09000016,Havering,262052,632,5
E09000020,Kensington and Chelsea,143375,3727,-8
E09000020,Kensington and Chelsea,143375,106682,1
E09000020,Kensington and Chelsea,143375,20887,2
E09000020,Kensington and Chelsea,143375,8669,3
E09000020,Kensington and Chelsea,143375,2998,4
E09000020,Kensington and Chelsea,143375,412,5
E09000030,Tower Hamlets,310306,11552,-8
E09000030,Tower Hamlets,310306,218131,1
E09000030,Tower Hamlets,310306,37285,2
E09000030,Tower Hamlets,310306,24671,3
E09000030,Tower Hamlets,310306,15566,4
E09000030,Tower Hamlets,310306,3101,5
W06000004,Denbighshire,95817,2755,-8
W06000004,Denbighshire,95817,91451,1
W06000004,Denbighshire,95817,737,2
W06000004,Denbighshire,95817,574,3
W06000004,Denbighshire,95817,241,4
W06000004,Denbighshire,95817,59,5
W06000005,Flintshire,154962,4400,-8
W06000005,Flintshire,154962,145037,1
W06000005,Flintshire,154962,1954,2
W06000005,Flintshire,154962,2142,3
W06000005,Flintshire,154962,1197,4
W06000005,Flintshire,154962,230,5
W06000019,Blaenau Gwent,66904,2108,-8
W06000019,Blaenau Gwent,66904,63594,1
W06000019,Blaenau Gwent,66904,429,2
W06000019,Blaenau Gwent,66904,464,3
W06000019,Blaenau Gwent,66904,254,4
W06000019,Blaenau Gwent,66904,55,5
E06000003,Redcar and Cleveland,136531,3876,-8
E06000003,Redcar and Cleveland,136531,131197,1
E06000003,Redcar and Cleveland,136531,536,2
E06000003,Redcar and Cleveland,136531,513,3
E06000003,Redcar and Cleveland,136531,330,4
E06000003,Redcar and Cleveland,136531,79,5
E06000004,Stockton-on-Tees,196595,6143,-8
E06000004,Stockton-on-Tees,196595,184786,1
E06000004,Stockton-on-Tees,196595,2451,2
E06000004,Stockton-on-Tees,196595,1883,3
E06000004,Stockton-on-Tees,196595,1099,4
E06000004,Stockton-on-Tees,196595,233,5
E06000019,Herefordshire,187034,4871,-8
E06000019,Herefordshire,187034,173475,1
E06000019,Herefordshire,187034,3345,2
E06000019,Herefordshire,187034,3514,3
E06000019,Herefordshire,187034,1551,4
E06000019,Herefordshire,187034,278,5
E06000026,Plymouth,264695,7761,-8
E06000026,Plymouth,264695,245374,1
E06000026,Plymouth,264695,5556,2
E06000026,Plymouth,264695,4188,3
E06000026,Plymouth,264695,1569,4
E06000026,Plymouth,264695,247,5
E06000033,Southend-on-Sea,180686,5987,-8
E06000033,Southend-on-Sea,180686,164381,1
E06000033,Southend-on-Sea,180686,5031,2
E06000033,Southend-on-Sea,180686,3640,3
E06000033,Southend-on-Sea,180686,1419,4
E06000033,Southend-on-Sea,180686,227,5
E06000040,Windsor and Maidenhead,153496,4625,-8
E06000040,Windsor and Maidenhead,153496,135982,1
E06000040,Windsor and Maidenhead,153496,7778,2
E06000040,Windsor and Maidenhead,153496,3619,3
E06000040,Windsor and Maidenhead,153496,1303,4
E06000040,Windsor and Maidenhead,153496,186,5
E06000053,Isles of Scilly,2053,68,-8
E06000053,Isles of Scilly,2053,1940,1
E06000053,Isles of Scilly,2053,27,2
E06000053,Isles of Scilly,2053,14,3
E06000053,Isles of Scilly,2053,4,4
E06000053,Isles of Scilly,2053,1,5
E06000054,Wiltshire,510333,14784,-8
E06000054,Wiltshire,510333,478350,1
E06000054,Wiltshire,510333,8454,2
E06000054,Wiltshire,510333,6265,3
E06000054,Wiltshire,510333,2133,4
E06000054,Wiltshire,510333,348,5
E06000061,North Northamptonshire,359525,11850,-8
E06000061,North Northamptonshire,359525,314820,1
E06000061,North Northamptonshire,359525,12735,2
E06000061,North Northamptonshire,359525,13957,3
E06000061,North Northamptonshire,359525,5391,4
E06000061,North Northamptonshire,359525,772,5
E07000009,East Cambridgeshire,87762,2590,-8
E07000009,East Cambridgeshire,87762,80970,1
E07000009,East Cambridgeshire,87762,2025,2
E07000009,East Cambridgeshire,87762,1449,3
E07000009,East Cambridgeshire,87762,643,4
E07000009,East Cambridgeshire,87762,85,5
E07000012,South Cambridgeshire,162118,5046,-8
E07000012,South Cambridgeshire,162118,146396,1
E07000012,South Cambridgeshire,162118,6928,2
E07000012,South Cambridgeshire,162118,2796,3
E07000012,South Cambridgeshire,162118,801,4
E07000012,South Cambridgeshire,162118,153,5
E07000030,Eden,54735,1286,-8
E07000030,Eden,54735,52197,1
E07000030,Eden,54735,508,2
E07000030,Eden,54735,519,3
E07000030,Eden,54735,183,4
E07000030,Eden,54735,46,5
E07000034,Chesterfield,103569,2967,-8
E07000034,Chesterfield,103569,98352,1
E07000034,Chesterfield,103569,1020,2
E07000034,Chesterfield,103569,762,3
E07000034,Chesterfield,103569,394,4
E07000034,Chesterfield,103569,74,5
E07000042,Mid Devon,82852,2361,-8
E07000042,Mid Devon,82852,78357,1
E07000042,Mid Devon,82852,876,2
E07000042,Mid Devon,82852,791,3
E07000042,Mid Devon,82852,405,4
E07000042,Mid Devon,82852,63,5
E07000045,Teignbridge,134803,3450,-8
E07000045,Teignbridge,134803,129550,1
E07000045,Teignbridge,134803,979,2
E07000045,Teignbridge,134803,584,3
E07000045,Teignbridge,134803,187,4
E07000045,Teignbridge,134803,56,5
E07000062,Hastings,90995,2872,-8
E07000062,Hastings,90995,83505,1
E07000062,Hastings,90995,2183,2
E07000062,Hastings,90995,1684,3
E07000062,Hastings,90995,649,4
E07000062,Hastings,90995,102,5
E07000063,Lewes,99905,2576,-8
E07000063,Lewes,99905,94527,1
E07000063,Lewes,99905,1648,2
E07000063,Lewes,99905,811,3
E07000063,Lewes,99905,290,4
E07000063,Lewes,99905,56,5
E07000074,Maldon,66208,1742,-8
E07000074,Maldon,66208,63685,1
E07000074,Maldon,66208,378,2
E07000074,Maldon,66208,251,3
E07000074,Maldon,66208,125,4
E07000074,Maldon,66208,26,5
E07000080,Forest of Dean,87004,2326,-8
E07000080,Forest of Dean,87004,83112,1
E07000080,Forest of Dean,87004,648,2
E07000080,Forest of Dean,87004,542,3
E07000080,Forest of Dean,87004,301,4
E07000080,Forest of Dean,87004,75,5
E07000082,Stroud,121104,3232,-8
E07000082,Stroud,121104,115710,1
E07000082,Stroud,121104,1214,2
E07000082,Stroud,121104,684,3
E07000082,Stroud,121104,219,4
E07000082,Stroud,121104,45,5
E07000091,New Forest,175785,4160,-8
E07000091,New Forest,175785,168250,1
E07000091,New Forest,175785,1865,2
E07000091,New Forest,175785,1134,3
E07000091,New Forest,175785,312,4
E07000091,New Forest,175785,63,5
E07000093,Test Valley,130492,3992,-8
E07000093,Test Valley,130492,121171,1
E07000093,Test Valley,130492,2731,2
E07000093,Test Valley,130492,1850,3
E07000093,Test Valley,130492,629,4
E07000093,Test Valley,130492,119,5
E07000095,Broxbourne,99009,3481,-8
E07000095,Broxbourne,99009,86883,1
E07000095,Broxbourne,99009,3396,2
E07000095,Broxbourne,99009,3451,3
E07000095,Broxbourne,99009,1584,4
E07000095,Broxbourne,99009,212,5
E07000096,Dacorum,155081,5579,-8
E07000096,Dacorum,155081,140193,1
E07000096,Dacorum,155081,4735,2
E07000096,Dacorum,155081,3312,3
E07000096,Dacorum,155081,1086,4
E07000096,Dacorum,155081,176,5
E07000098,Hertsmere,107827,3726,-8
E07000098,Hertsmere,107827,93399,1
E07000098,Hertsmere,107827,5464,2
E07000098,Hertsmere,107827,3836,3
E07000098,Hertsmere,107827,1210,4
E07000098,Hertsmere,107827,192,5
E07000106,Canterbury,157432,3971,-8
E07000106,Canterbury,157432,145109,1
E07000106,Canterbury,157432,4686,2
E07000106,Canterbury,157432,2617,3
E07000106,Canterbury,157432,886,4
E07000106,Canterbury,157432,162,5
E07000108,Dover,116410,3284,-8
E07000108,Dover,116410,109088,1
E07000108,Dover,116410,1897,2
E07000108,Dover,116410,1424,3
E07000108,Dover,116410,574,4
E07000108,Dover,116410,143,5
E07000115,Tonbridge and Malling,132201,4384,-8
E07000115,Tonbridge and Malling,132201,123859,1
E07000115,Tonbridge and Malling,132201,2244,2
E07000115,Tonbridge and Malling,132201,1172,3
E07000115,Tonbridge and Malling,132201,449,4
E07000115,Tonbridge and Malling,132201,93,5
E07000116,Tunbridge Wells,115311,3551,-8
E07000116,Tunbridge Wells,115311,105831,1
E07000116,Tunbridge Wells,115311,3329,2
E07000116,Tunbridge Wells,115311,1883,3
E07000116,Tunbridge Wells,115311,621,4
E07000116,Tunbridge Wells,115311,94,5
E07000132,Hinckley and Bosworth,113642,3270,-8
E07000132,Hinckley and Bosworth,113642,107229,1
E07000132,Hinckley and Bosworth,113642,1506,2
E07000132,Hinckley and Bosworth,113642,1112,3
E07000132,Hinckley and Bosworth,113642,451,4
E07000132,Hinckley and Bosworth,113642,72,5
E07000143,Breckland,141476,3941,-8
E07000143,Breckland,141476,128814,1
E07000143,Breckland,141476,2954,2
E07000143,Breckland,141476,3529,3
E07000143,Breckland,141476,1917,4
E07000143,Breckland,141476,322,5
E07000164,Hambleton,90690,2173,-8
E07000164,Hambleton,90690,87178,1
E07000164,Hambleton,90690,623,2
E07000164,Hambleton,90690,469,3
E07000164,Hambleton,90690,205,4
E07000164,Hambleton,90690,42,5
E07000180,Vale of White Horse,138913,4537,-8
E07000180,Vale of White Horse,138913,126892,1
E07000180,Vale of White Horse,138913,4586,2
E07000180,Vale of White Horse,138913,2143,3
E07000180,Vale of White Horse,138913,648,4
E07000180,Vale of White Horse,138913,107,5
E07000181,West Oxfordshire,114237,3404,-8
E07000181,West Oxfordshire,114237,106785,1
E07000181,West Oxfordshire,114237,2157,2
E07000181,West Oxfordshire,114237,1393,3
E07000181,West Oxfordshire,114237,431,4
E07000181,West Oxfordshire,114237,68,5
E07000193,East Staffordshire,124020,4070,-8
E07000193,East Staffordshire,124020,107976,1
E07000193,East Staffordshire,124020,4275,2
E07000193,East Staffordshire,124020,5278,3
E07000193,East Staffordshire,124020,2094,4
E07000193,East Staffordshire,124020,326,5
E07000207,Elmbridge,138754,4768,-8
E07000207,Elmbridge,138754,124800,1
E07000207,Elmbridge,138754,5395,2
E07000207,Elmbridge,138754,2782,3
E07000207,Elmbridge,138754,896,4
E07000207,Elmbridge,138754,113,5
E07000216,Waverley,128229,3647,-8
E07000216,Waverley,128229,120024,1
E07000216,Waverley,128229,2657,2
E07000216,Waverley,128229,1426,3
E07000216,Waverley,128229,392,4
E07000216,Waverley,128229,83,5
E07000223,Adur,64544,1820,-8
E07000223,Adur,64544,60751,1
E07000223,Adur,64544,1009,2
E07000223,Adur,64544,628,3
E07000223,Adur,64544,291,4
E07000223,Adur,64544,45,5
E07000225,Chichester,124068,3094,-8
E07000225,Chichester,124068,116962,1
E07000225,Chichester,124068,2005,2
E07000225,Chichester,124068,1352,3
E07000225,Chichester,124068,542,4
E07000225,Chichester,124068,113,5
E07000234,Bromsgrove,99183,2935,-8
E07000234,Bromsgrove,99183,94769,1
E07000234,Bromsgrove,99183,902,2
E07000234,Bromsgrove,99183,366,3
E07000234,Bromsgrove,99183,179,4
E07000234,Bromsgrove,99183,32,5
E08000008,Tameside,231071,8029,-8
E08000008,Tameside,231071,209879,1
E08000008,Tameside,231071,4738,2
E08000008,Tameside,231071,4819,3
E08000008,Tameside,231071,2991,4
E08000008,Tameside,231071,615,5
E08000011,Knowsley,154519,5757,-8
E08000011,Knowsley,154519,144261,1
E08000011,Knowsley,154519,1961,2
E08000011,Knowsley,154519,1631,3
E08000011,Knowsley,154519,760,4
E08000011,Knowsley,154519,149,5
E08000012,Liverpool,486088,15648,-8
E08000012,Liverpool,486088,425452,1
E08000012,Liverpool,486088,17762,2
E08000012,Liverpool,486088,16314,3
E08000012,Liverpool,486088,9306,4
E08000012,Liverpool,486088,1606,5
E08000014,Sefton,279233,7816,-8
E08000014,Sefton,279233,261763,1
E08000014,Sefton,279233,3519,2
E08000014,Sefton,279233,3790,3
E08000014,Sefton,279233,2036,4
E08000014,Sefton,279233,310,5
E08000026,Coventry,345325,12112,-8
E08000026,Coventry,345325,274880,1
E08000026,Coventry,345325,25437,2
E08000026,Coventry,345325,21505,3
E08000026,Coventry,345325,9874,4
E08000026,Coventry,345325,1516,5
E09000002,Barking and Dagenham,218869,9970,-8
E09000002,Barking and Dagenham,218869,158652,1
E09000002,Barking and Dagenham,218869,19341,2
E09000002,Barking and Dagenham,218869,20302,3
E09000002,Barking and Dagenham,218869,9296,4
E09000002,Barking and Dagenham,218869,1309,5
E06000014,York,202821,5088,-8
E06000014,York,202821,187680,1
E06000014,York,202821,5176,2
E06000014,York,202821,3620,3
E06000014,York,202821,1147,4
E06000014,York,202821,111,5
E06000023,Bristol,472465,15527,-8
E06000023,Bristol,472465,410701,1
E06000023,Bristol,472465,22748,2
E06000023,Bristol,472465,16342,3
E06000023,Bristol,472465,6195,4
E06000023,Bristol,472465,952,5
E06000032,Luton,225262,9512,-8
E06000032,Luton,225262,165995,1
E06000032,Luton,225262,17556,2
E06000032,Luton,225262,20225,3
E06000032,Luton,225262,10203,4
E06000032,Luton,225262,1771,5
E06000035,Medway,279773,10122,-8
E06000035,Medway,279773,252098,1
E06000035,Medway,279773,8060,2
E06000035,Medway,279773,6392,3
E06000035,Medway,279773,2704,4
E06000035,Medway,279773,397,5
E06000037,West Berkshire,161448,4761,-8
E06000037,West Berkshire,161448,149182,1
E06000037,West Berkshire,161448,4191,2
E06000037,West Berkshire,161448,2378,3
E06000037,West Berkshire,161448,793,4
E06000037,West Berkshire,161448,143,5
E06000045,Southampton,248922,8276,-8
E06000045,Southampton,248922,203603,1
E06000045,Southampton,248922,16807,2
E06000045,Southampton,248922,14078,3
E06000045,Southampton,248922,5398,4
E06000045,Southampton,248922,761,5
E06000051,Shropshire,323606,8285,-8
E06000051,Shropshire,323606,307064,1
E06000051,Shropshire,323606,3582,2
E06000051,Shropshire,323606,2938,3
E06000051,Shropshire,323606,1425,4
E06000051,Shropshire,323606,312,5
E06000059,Dorset,379579,8569,-8
E06000059,Dorset,379579,364215,1
E06000059,Dorset,379579,3553,2
E06000059,Dorset,379579,2374,3
E06000059,Dorset,379579,740,4
E06000059,Dorset,379579,128,5
E07000028,Carlisle,110024,3165,-8
E07000028,Carlisle,110024,103048,1
E07000028,Carlisle,110024,1561,2
E07000028,Carlisle,110024,1448,3
E07000028,Carlisle,110024,702,4
E07000028,Carlisle,110024,100,5
E07000031,South Lakeland,104450,2255,-8
E07000031,South Lakeland,104450,99599,1
E07000031,South Lakeland,104450,1269,2
E07000031,South Lakeland,104450,982,3
E07000031,South Lakeland,104450,316,4
E07000031,South Lakeland,104450,29,5
E07000032,Amber Valley,126206,3483,-8
E07000032,Amber Valley,126206,120874,1
E07000032,Amber Valley,126206,819,2
E07000032,Amber Valley,126206,686,3
E07000032,Amber Valley,126206,282,4
E07000032,Amber Valley,126206,62,5
E07000035,Derbyshire Dales,71540,1511,-8
E07000035,Derbyshire Dales,71540,69373,1
E07000035,Derbyshire Dales,71540,343,2
E07000035,Derbyshire Dales,71540,212,3
E07000035,Derbyshire Dales,71540,85,4
E07000035,Derbyshire Dales,71540,15,5
E07000046,Torridge,68114,1625,-8
E07000046,Torridge,68114,65812,1
E07000046,Torridge,68114,327,2
E07000046,Torridge,68114,226,3
E07000046,Torridge,68114,103,4
E07000046,Torridge,68114,21,5
E07000047,West Devon,57096,1216,-8
E07000047,West Devon,57096,55119,1
E07000047,West Devon,57096,383,2
E07000047,West Devon,57096,263,3
E07000047,West Devon,57096,100,4
E07000047,West Devon,57096,15,5
E07000067,Braintree,155268,4852,-8
E07000067,Braintree,155268,145977,1
E07000067,Braintree,155268,2177,2
E07000067,Braintree,155268,1594,3
E07000067,Braintree,155268,575,4
E07000067,Braintree,155268,95,5
E07000079,Cotswold,90832,2319,-8
E07000079,Cotswold,90832,86541,1
E07000079,Cotswold,90832,1131,2
E07000079,Cotswold,90832,666,3
E07000079,Cotswold,90832,157,4
E07000079,Cotswold,90832,18,5
E07000088,Gosport,81952,2504,-8
E07000088,Gosport,81952,77655,1
E07000088,Gosport,81952,846,2
E07000088,Gosport,81952,671,3
E07000088,Gosport,81952,235,4
E07000088,Gosport,81952,41,5
E07000125,Rossendale,70871,2165,-8
E07000125,Rossendale,70871,67172,1
E07000125,Rossendale,70871,510,2
E07000125,Rossendale,70871,546,3
E07000125,Rossendale,70871,394,4
E07000125,Rossendale,70871,84,5
E07000137,East Lindsey,142296,3262,-8
E07000137,East Lindsey,142296,136945,1
E07000137,East Lindsey,142296,836,2
E07000137,East Lindsey,142296,785,3
E07000137,East Lindsey,142296,402,4
E07000137,East Lindsey,142296,65,5
E07000187,Mendip,116089,3191,-8
E07000187,Mendip,116089,109713,1
E07000187,Mendip,116089,1587,2
E07000187,Mendip,116089,1173,3
E07000187,Mendip,116089,356,4
E07000187,Mendip,116089,69,5
E07000195,Newcastle-under-Lyme,123299,3370,-8
E07000195,Newcastle-under-Lyme,123299,115774,1
E07000195,Newcastle-under-Lyme,123299,2133,2
E07000195,Newcastle-under-Lyme,123299,1442,3
E07000195,Newcastle-under-Lyme,123299,502,4
E07000195,Newcastle-under-Lyme,123299,78,5
E07000212,Runnymede,88079,2842,-8
E07000212,Runnymede,88079,78275,1
E07000212,Runnymede,88079,4045,2
E07000212,Runnymede,88079,2160,3
E07000212,Runnymede,88079,651,4
E07000212,Runnymede,88079,106,5
E07000213,Spelthorne,102956,3583,-8
E07000213,Spelthorne,102956,89348,1
E07000213,Spelthorne,102956,5501,2
E07000213,Spelthorne,102956,3272,3
E07000213,Spelthorne,102956,1094,4
E07000213,Spelthorne,102956,155,5
E07000224,Arun,164889,4223,-8
E07000224,Arun,164889,151197,1
E07000224,Arun,164889,3542,2
E07000224,Arun,164889,3683,3
E07000224,Arun,164889,1905,4
E07000224,Arun,164889,339,5
E07000238,Wychavon,132492,3597,-8
E07000238,Wychavon,132492,122824,1
E07000238,Wychavon,132492,2268,2
E07000238,Wychavon,132492,2608,3
E07000238,Wychavon,132492,1019,4
E07000238,Wychavon,132492,176,5
E08000002,Bury,193851,6639,-8
E08000002,Bury,193851,174961,1
E08000002,Bury,193851,4485,2
E08000002,Bury,193851,4590,3
E08000002,Bury,193851,2631,4
E08000002,Bury,193851,545,5
E09000033,Westminster,204236,5249,-8
E09000033,Westminster,204236,146375,1
E09000033,Westminster,204236,30418,2
E09000033,Westminster,204236,14911,3
E09000033,Westminster,204236,6296,4
E09000033,Westminster,204236,988,5
E06000001,Hartlepool,92338,2918,-8
E06000001,Hartlepool,92338,87544,1
E06000001,Hartlepool,92338,633,2
E06000001,Hartlepool,92338,658,3
E06000001,Hartlepool,92338,475,4
E06000001,Hartlepool,92338,110,5
E06000005,Darlington,107799,3197,-8
E06000005,Darlington,107799,100200,1
E06000005,Darlington,107799,1807,2
E06000005,Darlington,107799,1690,3
E06000005,Darlington,107799,785,4
E06000005,Darlington,107799,120,5
E06000018,Nottingham,323632,10362,-8
E06000018,Nottingham,323632,268420,1
E06000018,Nottingham,323632,18434,2
E06000018,Nottingham,323632,16945,3
E06000018,Nottingham,323632,8092,4
E06000018,Nottingham,323632,1379,5
E06000021,Stoke-on-Trent,258366,9379,-8
E06000021,Stoke-on-Trent,258366,227019,1
E06000021,Stoke-on-Trent,258366,8124,2
E06000021,Stoke-on-Trent,258366,9009,3
E06000021,Stoke-on-Trent,258366,4166,4
E06000021,Stoke-on-Trent,258366,674,5
E06000038,Reading,174224,6055,-8
E06000038,Reading,174224,136436,1
E06000038,Reading,174224,15464,2
E06000038,Reading,174224,11135,3
E06000038,Reading,174224,4167,4
E06000038,Reading,174224,969,5
E06000055,Bedford,185225,6536,-8
E06000055,Bedford,185225,156968,1
E06000055,Bedford,185225,8565,2
E06000055,Bedford,185225,8347,3
E06000055,Bedford,185225,4156,4
E06000055,Bedford,185225,653,5
E07000029,Copeland,67076,1765,-8
E07000029,Copeland,67076,64652,1
E07000029,Copeland,67076,346,2
E07000029,Copeland,67076,206,3
E07000029,Copeland,67076,87,4
E07000029,Copeland,67076,21,5
E07000036,Erewash,112906,3162,-8
E07000036,Erewash,112906,107146,1
E07000036,Erewash,112906,1206,2
E07000036,Erewash,112906,989,3
E07000036,Erewash,112906,346,4
E07000036,Erewash,112906,57,5
E07000071,Colchester,192715,6310,-8
E07000071,Colchester,192715,174049,1
E07000071,Colchester,192715,6873,2
E07000071,Colchester,192715,4013,3
E07000071,Colchester,192715,1241,4
E07000071,Colchester,192715,229,5
E07000086,Eastleigh,136443,4422,-8
E07000086,Eastleigh,136443,127157,1
E07000086,Eastleigh,136443,2741,2
E07000086,Eastleigh,136443,1503,3
E07000086,Eastleigh,136443,506,4
E07000086,Eastleigh,136443,114,5
E07000102,Three Rivers,93771,3025,-8
E07000102,Three Rivers,93771,83721,1
E07000102,Three Rivers,93771,4120,2
E07000102,Three Rivers,93771,2152,3
E07000102,Three Rivers,93771,659,4
E07000102,Three Rivers,93771,94,5
E07000118,Chorley,117732,3408,-8
E07000118,Chorley,117732,111825,1
E07000118,Chorley,117732,1039,2
E07000118,Chorley,117732,920,3
E07000118,Chorley,117732,451,4
E07000118,Chorley,117732,91,5
E07000146,Kings Lynn and West Norfolk,154325,4248,-8
E07000146,Kings Lynn and West Norfolk,154325,141439,1
E07000146,Kings Lynn and West Norfolk,154325,3292,2
E07000146,Kings Lynn and West Norfolk,154325,3354,3
E07000146,Kings Lynn and West Norfolk,154325,1715,4
E07000146,Kings Lynn and West Norfolk,154325,277,5
E07000172,Broxtowe,110940,3049,-8
E07000172,Broxtowe,110940,102537,1
E07000172,Broxtowe,110940,2730,2
E07000172,Broxtowe,110940,1850,3
E07000172,Broxtowe,110940,663,4
E07000172,Broxtowe,110940,111,5
E09000009,Ealing,367115,12761,-8
E09000009,Ealing,367115,244855,1
E09000009,Ealing,367115,45696,2
E09000009,Ealing,367115,40933,3
E09000009,Ealing,367115,19432,4
E09000009,Ealing,367115,3440,5
E06000017,Rutland,41049,892,-8
E06000017,Rutland,41049,39386,1
E06000017,Rutland,41049,460,2
E06000017,Rutland,41049,212,3
E06000017,Rutland,41049,90,4
E06000017,Rutland,41049,10,5
E06000057,Northumberland,320567,8111,-8
E06000057,Northumberland,320567,308943,1
E06000057,Northumberland,320567,1620,2
E06000057,Northumberland,320567,1134,3
E06000057,Northumberland,320567,604,4
E06000057,Northumberland,320567,156,5
E07000010,Fenland,102462,3036,-8
E07000010,Fenland,102462,90632,1
E07000010,Fenland,102462,2635,2
E07000010,Fenland,102462,3681,3
E07000010,Fenland,102462,2146,4
E07000010,Fenland,102462,334,5
E07000068,Brentwood,77047,2538,-8
E07000068,Brentwood,77047,71495,1
E07000068,Brentwood,77047,1839,2
E07000068,Brentwood,77047,851,3
E07000068,Brentwood,77047,271,4
E07000068,Brentwood,77047,53,5
E07000139,North Kesteven,118075,3107,-8
E07000139,North Kesteven,118075,112662,1
E07000139,North Kesteven,118075,1070,2
E07000139,North Kesteven,118075,794,3
E07000139,North Kesteven,118075,366,4
E07000139,North Kesteven,118075,76,5
E07000144,Broadland,131721,3383,-8
E07000144,Broadland,131721,125893,1
E07000144,Broadland,131721,1296,2
E07000144,Broadland,131721,804,3
E07000144,Broadland,131721,288,4
E07000144,Broadland,131721,59,5
E08000037,Gateshead,196151,5845,-8
E08000037,Gateshead,196151,182293,1
E08000037,Gateshead,196151,3187,2
E08000037,Gateshead,196151,2864,3
E08000037,Gateshead,196151,1581,4
E08000037,Gateshead,196151,380,5
E06000044,Portsmouth,208003,6727,-8
E06000044,Portsmouth,208003,182731,1
E06000044,Portsmouth,208003,8806,2
E06000044,Portsmouth,208003,6639,3
E06000044,Portsmouth,208003,2694,4
E06000044,Portsmouth,208003,405,5
E07000037,High Peak,90933,2478,-8
E07000037,High Peak,90933,87308,1
E07000037,High Peak,90933,631,2
E07000037,High Peak,90933,324,3
E07000037,High Peak,90933,177,4
E07000037,High Peak,90933,15,5
E07000041,Exeter,130709,3488,-8
E07000041,Exeter,130709,117312,1
E07000041,Exeter,130709,5304,2
E07000041,Exeter,130709,3389,3
E07000041,Exeter,130709,1047,4
E07000041,Exeter,130709,169,5
E08000003,Manchester,551938,20457,-8
E08000003,Manchester,551938,434289,1
E08000003,Manchester,551938,40168,2
E08000003,Manchester,551938,35592,3
E08000003,Manchester,551938,17854,4
E08000003,Manchester,551938,3578,5
E06000056,Central Bedfordshire,294252,10536,-8
E06000056,Central Bedfordshire,294252,269941,1
E06000056,Central Bedfordshire,294252,6930,2
E06000056,Central Bedfordshire,294252,5066,3
E06000056,Central Bedfordshire,294252,1503,4
E06000056,Central Bedfordshire,294252,276,5
E07000227,Horsham,146778,4230,-8
E07000227,Horsham,146778,137720,1
E07000227,Horsham,146778,2844,2
E07000227,Horsham,146778,1435,3
E07000227,Horsham,146778,469,4
E07000227,Horsham,146778,80,5
E07000209,Guildford,143650,3924,-8
E07000209,Guildford,143650,128423,1
E07000209,Guildford,143650,6639,2
E07000209,Guildford,143650,3557,3
E07000209,Guildford,143650,986,4
E07000209,Guildford,143650,121,5
E07000196,South Staffordshire,110472,2823,-8
E07000196,South Staffordshire,110472,106341,1
E07000196,South Staffordshire,110472,629,2
E07000196,South Staffordshire,110472,414,3
E07000196,South Staffordshire,110472,213,4
E07000196,South Staffordshire,110472,49,5
W06000023,Powys,133169,1002,2
W06000023,Powys,133169,952,3
W06000023,Powys,133169,439,4
W06000023,Powys,133169,99,5
W06000024,Merthyr Tydfil,58836,1882,-8
W06000024,Merthyr Tydfil,58836,54784,1
W06000024,Merthyr Tydfil,58836,778,2
W06000024,Merthyr Tydfil,58836,765,3
W06000024,Merthyr Tydfil,58836,514,4
W06000024,Merthyr Tydfil,58836,116,5
E09000001,City of London,8583,135,-8
E09000001,City of London,8583,6624,1
E09000001,City of London,8583,1305,2
E09000001,City of London,8583,386,3
E09000001,City of London,8583,116,4
E09000001,City of London,8583,19,5
E06000053,Isles of Scilly,2053,68,-8
E06000053,Isles of Scilly,2053,1940,1
E06000053,Isles of Scilly,2053,27,2
E06000053,Isles of Scilly,2053,14,3
E06000053,Isles of Scilly,2053,4,4
E06000053,Isles of Scilly,2053,1,5
E09000001,City of London,8583,135,-8
E09000001,City of London,8583,6624,1
E09000001,City of London,8583,1305,2
E09000001,City of London,8583,386,3
E09000001,City of London,8583,116,4
E09000001,City of London,8583,19,5
E06000053,Isles of Scilly,2053,68,-8
E06000053,Isles of Scilly,2053,1940,1
E06000053,Isles of Scilly,2053,27,2
E06000053,Isles of Scilly,2053,14,3
E06000053,Isles of Scilly,2053,4,4
E06000053,Isles of Scilly,2053,1,5