code,label,population,British,English,EnglishAndBritish,Welsh,WelshAndBritish,Scottish,ScottishAndBritish,NorthernIrish,NorthernIrishAndBritish,Cornish,CornishAndBritish,UK,Irish,IrishAndUK,other,otherAndUK,male_0_15,male_16_24,male_25_34,male_35_49,male_50_64,male_65_74,male_75_84,male_85plus,female_0_15,female_16_24,female_25_34,female_35_49,female_50_64,female_65_74,female_75_84,female_85plus,english_main,english_verywell,english_well,english_notwell,english_none,male,female
E06000001,Hartlepool,92338,52963,16299,19966,75,47,313,118,45,28,2,0,70,84,17,1943,368,6,23,8,15,50,50,74,79,8,36,6,5,28,53,142,264,87544,633,658,475,110,44685,47653
E06000002,Middlesbrough,143926,82627,20643,26894,133,54,444,173,140,56,4,0,130,225,42,11138,1222,8,427,140,143,139,114,120,120,5,384,68,39,95,66,208,332,128306,3724,4111,2281,395,70884,73040
E06000003,Redcar and Cleveland,136531,79634,25337,27558,162,75,631,291,123,60,5,1,131,152,41,1851,479,4,8,25,44,93,85,99,89,3,3,9,31,80,62,202,359,131197,536,513,330,79,66085,70446
E06000004,Stockton-on-Tees,196595,117266,31864,37907,228,120,928,416,166,89,6,0,237,287,56,5728,1296,12,141,467,497,229,101,155,151,8,30,23,35,70,105,226,468,184786,2451,1883,1099,233,96523,100072
E06000005,Darlington,107799,62880,17863,19363,150,79,898,320,128,56,3,0,182,167,54,4723,934,15,21,22,35,49,34,86,93,5,17,21,15,33,63,141,329,100200,1807,1690,785,120,52670,55129
E06000006,Halton,128478,76240,21277,24805,438,145,435,135,153,68,2,0,152,324,61,3581,662,12,31,29,38,58,48,59,48,3,15,11,22,38,45,115,190,121114,1271,1282,617,150,62931,65547
E06000007,Warrington,210974,122919,32590,37412,826,369,904,418,297,137,6,1,296,764,175,11444,2419,9,196,483,472,239,136,188,162,3,106,36,26,49,95,324,520,193572,4783,4339,1762,247,104445,106529
E06000008,Blackburn with Darwen,154738,99622,18757,19807,153,67,702,242,215,52,1,1,166,350,44,12453,2102,82,187,80,144,107,80,96,74,7,44,11,13,41,49,160,262,130160,5258,7133,5049,1116,76696,78043
E06000009,Blackpool,141036,80247,22934,25886,455,165,1915,712,293,87,15,1,241,471,60,6618,937,15,35,40,65,168,156,218,133,23,30,31,34,137,100,274,450,130665,2421,2479,985,153,69626,71410
E06000010,Kingston upon Hull,267014,141624,41123,52434,253,93,778,266,163,68,6,1,208,269,74,26655,3000,17,892,334,332,256,229,233,147,8,841,54,46,133,146,290,481,231761,8630,9652,6292,1241,133233,133781
E06000011,East Riding of Yorkshire,342215,197518,64215,64454,643,285,1557,741,286,141,12,2,369,597,150,8842,2400,30,538,653,661,415,223,327,399,15,227,53,101,174,172,571,1378,326484,3155,2581,1353,243,167847,174368
E06000012,North East Lincolnshire,156966,86829,29523,31727,250,77,601,245,109,45,7,0,142,183,30,6269,931,3,57,65,62,84,77,103,131,0,62,38,42,62,63,200,410,146176,1962,2501,1287,131,76812,80154
E06000013,North Lincolnshire,169680,94143,30369,30633,380,128,920,335,205,65,5,0,166,278,52,10683,1318,14,18,45,57,123,97,118,157,3,10,26,35,91,103,218,540,154264,3354,4419,2396,354,83710,85970
E06000014,York,202821,114321,28948,36521,623,298,1369,701,337,183,19,7,571,648,331,13933,4012,37,3581,407,157,135,69,81,135,50,4915,423,136,108,54,181,511,187680,5176,3620,1147,111,97523,105298
E06000015,Derby,261364,143065,42583,36390,552,283,984,413,335,116,16,3,351,1093,217,30048,4917,14,1223,154,110,115,85,155,151,10,1211,99,43,78,87,262,518,219616,12624,11811,6781,1456,129510,131854
E06000016,Leicester,368571,205602,30171,30309,497,183,758,264,316,93,11,3,415,1078,216,87659,10996,60,4195,386,237,304,200,201,182,7,5622,291,84,175,165,306,551,248771,36216,38545,24541,7499,182112,186460
E06000017,Rutland,41049,23518,7589,6839,179,78,323,147,68,58,7,0,135,141,34,1430,508,371,906,757,492,117,20,21,41,206,305,54,35,15,14,49,105,39386,460,212,90,10,21072,19977
E06000018,Nottingham,323632,174341,42266,41969,786,389,1113,417,466,163,17,4,739,1519,398,51378,7668,21,9290,589,350,269,140,127,118,81,9892,365,73,101,101,191,423,268420,18434,16945,8092,1379,159004,164628
E06000019,Herefordshire,187034,102556,32496,30733,4130,1610,787,391,184,103,29,5,756,382,139,10577,2157,36,116,168,144,133,61,149,175,41,83,41,53,79,83,219,555,173475,3345,3514,1551,278,91854,95180
E06000020,Telford and Wrekin,185541,103344,32719,30303,1259,468,811,381,285,134,26,6,378,423,81,13004,1919,63,363,31,41,81,59,93,81,22,399,21,19,55,68,160,306,167409,4729,4723,2097,352,91335,94206
E06000021,Stoke-on-Trent,258366,141300,46186,43883,597,222,586,218,211,80,12,0,328,383,90,21322,2951,3,982,114,105,163,135,155,123,5,515,38,92,113,126,281,540,227019,8124,9009,4166,674,128476,129893
E06000022,Bath and North East Somerset,193409,108927,27442,32279,2024,882,741,498,296,160,120,16,696,778,299,13828,4428,168,2724,161,57,101,58,109,116,161,3148,126,51,74,64,153,465,178953,5498,2793,783,151,94390,99019
E06000023,Bristol,472465,262435,54627,66925,5654,2565,1823,936,793,351,363,64,1883,2498,947,56261,14342,79,5046,497,306,247,201,228,206,119,5595,308,93,149,124,327,723,410701,22748,16342,6195,952,234523,237942
E06000024,North Somerset,216726,123321,36706,36961,2284,1050,898,498,219,112,74,16,573,683,218,10351,2763,12,95,41,61,134,140,190,234,13,60,16,59,95,118,321,758,202255,3948,3099,1035,182,105306,111422
E06000025,South Gloucestershire,290424,163084,47155,50087,2976,1499,936,479,261,148,113,25,798,822,215,17398,4426,4,1361,290,314,390,152,170,190,4,1091,170,153,120,59,229,559,265801,7835,5161,1829,279,143769,146655
E06000026,Plymouth,264695,151509,43806,45648,1456,567,1364,586,353,164,812,114,599,569,186,14021,2940,29,1990,301,176,141,118,216,211,26,2427,156,73,87,113,280,672,245374,5556,4188,1569,247,129911,134784
E06000027,Torbay,139324,77266,28682,23573,815,293,826,334,130,65,98,13,280,373,97,5091,1385,9,26,34,83,117,129,155,186,3,15,26,31,92,124,256,582,131835,1948,1461,489,84,67831,71493
E06000030,Swindon,233407,121695,36458,34435,1293,606,958,475,262,136,49,8,470,884,183,30813,4682,1,50,41,38,79,70,83,101,0,27,17,21,46,53,172,320,202988,10415,8117,3322,690,116063,117347
E06000031,Peterborough,215671,110438,30711,24444,447,188,949,411,240,104,14,3,274,643,121,41804,4883,7,243,315,241,153,77,99,91,12,76,82,112,102,57,160,292,166028,14957,17027,8029,1373,106606,109067
E06000032,Luton,225262,131448,20872,14418,248,83,732,255,312,66,6,2,193,3087,246,46886,6410,0,299,188,205,142,88,71,55,1,403,136,61,74,47,126,225,165995,17556,20225,10203,1771,112824,112438
E06000033,Southend-on-Sea,180686,101519,33968,28090,367,124,637,262,190,56,5,0,176,919,172,11761,2438,0,125,52,62,144,127,101,122,0,210,51,50,88,94,221,540,164381,5031,3640,1419,227,87913,92773
E06000034,Thurrock,176001,93841,33626,22967,204,92,334,110,143,26,3,2,126,755,94,20903,2772,1,8,14,18,25,46,49,51,0,7,13,10,37,40,108,229,149725,8087,7862,2700,444,86213,89787
E06000035,Medway,279773,158035,52491,41923,534,204,833,345,261,95,18,2,313,1196,195,19590,3739,17,996,374,259,132,75,111,103,17,589,63,33,78,101,226,425,252098,8060,6392,2704,397,137127,142646
E06000036,Bracknell Forest,124607,69020,20291,18952,485,248,590,304,147,73,17,2,266,596,136,10763,2718,231,627,290,140,60,12,28,30,302,297,63,56,25,16,53,134,111127,5053,3091,924,206,61444,63163
E06000037,West Berkshire,161448,91003,26216,26880,896,472,833,479,198,111,30,8,444,823,219,9622,3214,331,416,112,98,90,51,77,74,508,410,37,39,51,30,88,260,149182,4191,2378,793,143,79701,81746
E06000038,Reading,174224,88050,18525,19642,839,426,625,345,250,91,46,8,421,1382,226,36635,6714,86,1665,176,106,93,33,49,53,102,1937,161,54,51,36,85,203,136436,15464,11135,4167,969,86842,87382
E06000039,Slough,158500,96373,11000,8248,183,91,278,124,103,22,9,0,98,739,101,35721,5408,0,16,21,37,35,36,48,31,0,2,20,17,22,25,73,111,110212,17754,15836,6733,1119,78495,80005
E06000040,Windsor and Maidenhead,153496,88267,21045,18612,800,422,911,556,281,121,30,8,438,1312,235,15685,4773,806,969,183,47,58,54,97,119,337,262,34,36,41,57,153,406,135982,7778,3619,1303,186,75416,78080
E06000041,Wokingham,177503,103273,24665,25191,838,569,847,545,210,140,30,5,436,965,238,14213,5338,198,584,53,39,84,52,68,111,25,872,53,34,37,48,132,372,158226,8715,3572,1194,246,87221,90281
E06000042,Milton Keynes,287060,158075,40676,34267,799,349,1631,682,422,138,26,7,438,1844,271,39784,7649,15,143,268,228,150,71,92,98,5,44,30,43,81,81,193,434,241997,17378,12745,4158,591,141574,145486
E06000043,Brighton and Hove,277103,159825,31540,34828,1137,451,1511,636,590,224,97,14,826,2303,707,32917,9497,91,2373,225,160,176,105,124,163,214,3261,225,79,114,85,229,534,245614,13957,7502,2732,386,135563,141540
E06000044,Portsmouth,208003,116370,31450,31477,825,287,905,427,243,113,32,7,336,602,155,21101,3672,5,2804,146,77,69,75,69,71,4,2542,79,30,44,51,116,324,182731,8806,6639,2694,405,103163,104840
E06000045,Southampton,248922,131193,31714,35606,860,381,839,391,370,147,67,8,485,990,287,39048,6537,5,4199,389,109,75,78,98,98,7,3871,362,43,53,55,168,344,203603,16807,14078,5398,761,124969,123953
E06000046,Isle of Wight,140459,77886,30125,24364,594,211,616,229,129,63,29,5,214,456,91,4174,1273,20,136,243,309,342,172,168,131,8,50,33,57,120,110,206,506,134738,1388,787,306,70,68089,72370
E06000047,County Durham,522068,311459,85933,100898,705,340,2670,1151,552,273,24,2,704,736,287,12644,3690,75,3470,656,591,504,290,428,393,47,3622,272,199,215,257,714,1319,498104,4760,3296,1243,264,255304,266764
E06000049,Cheshire East,398772,230803,64628,69180,2136,1046,1869,1052,537,254,23,2,776,1384,344,20102,4634,39,257,121,73,105,134,273,305,13,445,195,161,123,149,540,1215,370917,7066,6143,2748,456,195577,203195
E06000050,Cheshire West and Chester,357150,208517,53705,62698,5092,2287,1559,914,694,323,22,3,1029,1567,348,14655,3736,23,821,350,180,81,112,192,216,41,1191,139,41,84,121,361,910,335329,5802,3847,1664,288,174308,182842
E06000051,Shropshire,323606,180564,59995,54816,6789,2601,1304,623,445,238,44,7,1373,978,227,10821,2779,299,1564,829,675,234,127,223,267,251,584,109,121,95,151,383,1061,307064,3582,2938,1425,312,159683,163923
E06000052,Cornwall,570305,297322,90096,53793,3815,940,2629,707,605,224,79938,9032,8084,1353,434,16606,4727,19,1175,218,164,239,237,383,487,26,1439,120,117,203,217,624,1635,545343,5384,3256,1327,261,276620,293685
E06000053,Isles of Scilly,2053,1136,354,257,12,3,10,5,3,0,114,8,16,6,0,84,42,0,0,0,1,0,0,1,0,0,1,0,0,0,1,4,7,1940,27,14,4,1,1004,1050
E06000053,Isles of Scilly,2053,1136,354,257,12,3,10,5,3,0,114,8,16,6,0,84,42,0,0,0,1,0,0,1,0,0,1,0,0,0,1,4,7,1940,27,14,4,1,1004,1050
E06000053,Isles of Scilly,2053,1136,354,257,12,3,10,5,3,0,114,8,16,6,0,84,42,0,0,0,1,0,0,1,0,0,1,0,0,0,1,4,7,1940,27,14,4,1,1004,1050
E06000053,Isles of Scilly,2053,1136,354,257,12,3,10,5,3,0,114,8,16,6,0,84,42,0,0,0,1,0,0,1,0,0,1,0,0,0,1,4,7,1940,27,14,4,1,1004,1050
E06000054,Wiltshire,510333,293542,86617,85092,3927,1972,2682,1611,753,525,181,38,1476,1350,468,23069,7035,524,3207,2050,731,266,146,275,386,626,907,319,182,174,191,478,1363,478350,8454,6265,2133,348,251704,258626
E06000055,Bedford,185225,104437,28312,21841,524,206,717,306,258,94,23,3,284,1003,219,22750,4248,76,326,125,167,163,95,130,117,16,244,43,63,102,75,171,396,156968,8565,8347,4156,653,91124,94101
E06000056,Central Bedfordshire,294252,162780,58076,45649,960,417,1329,682,308,175,33,9,481,1996,313,16884,4155,4,405,323,114,93,82,101,111,1,267,125,48,47,64,167,457,269941,6930,5066,1503,276,145129,149123
E06000057,Northumberland,320567,199900,47444,57808,477,218,3989,1734,346,196,17,2,520,528,198,5209,1983,38,249,639,562,330,195,295,246,31,50,26,49,105,164,419,910,308943,1620,1134,604,156,156578,163989
E06000058,Bournemouth Christchurch and Poole,400196,218163,68117,62097,1793,831,1755,852,440,197,104,16,747,1450,395,35895,7344,132,2738,309,307,268,183,213,381,117,3165,245,164,179,158,412,1183,356973,16402,11476,3777,559,195370,204826
E06000059,Dorset,379579,215286,77066,64261,1853,862,1682,869,390,215,178,30,734,988,266,10980,3917,572,1338,627,503,328,226,292,378,525,512,37,66,66,128,416,1333,364215,3553,2374,740,128,184413,195166
E06000060,Buckinghamshire,553078,325591,85888,74602,2060,1118,2432,1551,743,390,106,6,1248,3597,787,40535,12426,210,1215,390,435,263,113,209,343,466,925,119,110,181,127,465,1273,496435,19722,13084,5168,906,270395,282683
E06000061,North Northamptonshire,359525,188558,66852,53767,960,419,4019,1469,460,173,23,3,705,1520,268,35106,5221,286,268,65,98,125,114,202,198,210,155,55,102,109,142,340,812,314820,12735,13957,5391,772,177070,182452
E06000062,West Northamptonshire,425725,222620,75580,59948,1429,587,2033,821,636,222,40,6,709,2324,382,51631,6757,92,957,646,546,504,220,242,224,59,1177,90,127,137,132,338,780,366766,17494,18528,7783,1145,210665,215060
E07000008,Cambridge,145674,64374,11513,17245,481,318,876,541,312,147,35,14,532,1205,513,37985,9580,137,7560,1538,168,82,38,46,79,82,7545,1145,151,42,39,93,220,113476,18120,7777,2177,334,72981,72693
E07000009,East Cambridgeshire,87762,48259,15452,14092,294,116,453,259,85,51,8,1,166,388,127,6225,1787,39,37,16,37,32,25,39,45,34,42,12,26,36,30,73,189,80970,2025,1449,643,85,43050,44712
E07000010,Fenland,102462,49853,23418,17326,227,102,419,152,86,45,6,2,116,229,52,9516,913,14,69,170,201,133,62,93,76,3,17,12,24,33,43,127,285,90632,2635,3681,2146,334,50197,52265
E07000011,Huntingdonshire,180832,98790,34289,27875,656,301,1103,510,210,120,31,1,367,646,189,13021,2724,4,186,329,365,370,153,151,96,10,64,43,25,28,34,135,383,165858,4352,3434,1330,202,89684,91149
E07000012,South Cambridgeshire,162118,88842,24498,24209,510,339,875,580,238,160,38,5,438,826,279,14544,5736,18,169,56,79,70,50,60,97,14,147,29,26,25,35,136,285,146396,6928,2796,801,153,79557,82562
E07000026,Allerdale,96157,56690,16540,18764,212,103,803,346,92,54,1,2,134,130,41,1629,613,20,23,14,14,40,58,72,83,12,14,3,11,38,38,117,308,92585,525,372,136,39,47093,49062
E07000027,Barrow-in-Furness,67407,39600,11247,13548,121,51,582,225,86,42,0,1,108,99,21,1387,293,1,6,5,10,30,25,66,67,0,1,5,12,39,25,75,155,64323,465,354,182,41,33431,33976
E07000028,Carlisle,110024,63138,17537,19941,209,83,2084,789,191,83,5,2,224,242,42,4601,853,6,170,43,21,45,46,60,63,5,238,26,6,28,52,105,243,103048,1561,1448,702,100,53879,56145
E07000029,Copeland,67076,39513,11661,13476,115,46,496,222,57,26,3,1,89,82,27,970,292,4,8,53,95,130,60,41,39,11,5,2,4,19,21,49,119,64652,346,206,87,21,33447,33629
E07000030,Eden,54735,32131,9331,9691,126,84,531,209,81,37,2,1,87,93,28,1791,510,6,24,5,2,5,6,19,16,6,23,2,1,6,7,23,82,52197,508,519,183,46,27141,27594
E07000031,South Lakeland,104450,61143,18080,17673,298,146,754,370,137,71,9,4,225,212,57,4075,1199,285,352,38,19,34,47,82,104,166,187,21,25,44,53,159,358,99599,1269,982,316,29,51151,53299
E07000032,Amber Valley,126206,68713,28908,23566,255,141,424,190,86,54,9,2,158,258,69,2491,881,10,19,20,32,59,71,80,77,5,19,10,16,46,60,149,332,120874,819,686,282,62,61973,64233
E07000033,Bolsover,80272,43132,17230,15537,140,49,233,96,50,22,6,1,88,122,21,3088,458,0,2,20,43,53,39,44,51,0,1,9,16,40,52,95,149,74883,842,1177,764,122,39580,40693
E07000034,Chesterfield,103569,58289,20450,20126,178,87,332,172,81,37,3,0,103,224,58,2726,703,2,19,21,25,63,46,65,76,1,24,21,28,55,57,126,266,98352,1020,762,394,74,50888,52681
E07000035,Derbyshire Dales,71540,41034,14257,12671,225,118,313,133,63,32,12,1,111,176,71,1552,772,19,79,181,162,82,29,52,59,25,31,12,11,15,21,73,225,69373,343,212,85,15,34939,36601
E07000036,Erewash,112906,62261,25485,19452,288,119,464,190,136,52,9,3,137,287,61,3058,905,18,28,9,26,32,31,56,63,7,45,18,16,26,47,103,228,107146,1206,989,346,57,55445,57461
E07000037,High Peak,90933,52978,16894,16077,263,130,396,176,120,39,4,0,155,345,73,2280,1004,2,26,16,23,24,37,72,42,19,36,7,11,13,14,100,205,87308,631,324,177,15,44680,46252
E07000038,North East Derbyshire,102001,58222,21191,19463,205,80,271,114,59,21,3,0,104,152,37,1590,489,0,15,7,10,37,32,53,82,2,10,2,6,18,36,118,268,98124,563,375,130,43,49734,52267
E07000039,South Derbyshire,107205,60467,21695,19383,305,127,460,232,81,36,10,1,144,222,47,3192,808,106,116,16,29,44,28,43,51,96,119,49,97,61,34,113,248,100580,1711,1010,374,95,52543,54665
E07000040,East Devon,150828,84182,30477,26187,876,366,660,295,159,87,199,28,348,374,118,4635,1836,13,545,225,64,48,50,116,192,17,70,32,34,40,57,202,685,144297,1495,888,305,87,72622,78206
E07000041,Exeter,130709,69773,18895,21832,998,491,522,276,173,74,208,48,499,505,228,12787,3400,12,3687,389,191,102,36,77,83,9,4241,220,44,36,32,125,281,117312,5304,3389,1047,169,63665,67044
E07000042,Mid Devon,82852,46393,16056,14613,389,145,291,123,60,34,103,14,162,188,64,3214,1006,40,76,16,24,23,23,23,44,26,48,8,16,27,10,51,196,78357,876,791,405,63,40463,42389
E07000043,North Devon,98611,55627,20293,16946,504,192,390,160,78,38,85,20,167,193,78,3005,834,22,177,158,52,57,79,79,78,20,51,22,29,38,49,119,296,94235,911,640,234,41,48018,50593
E07000044,South Hams,88627,53150,15350,13495,535,220,391,175,84,44,127,18,177,249,98,3070,1443,7,87,55,33,31,32,61,71,1,23,34,20,23,35,86,263,85427,768,340,94,22,42657,45970
E07000045,Teignbridge,134803,76991,26752,23214,740,275,503,236,119,63,186,37,266,284,113,3496,1526,18,86,239,262,146,91,115,137,12,13,13,15,62,62,163,527,129550,979,584,187,56,65334,69469
E07000046,Torridge,68114,37728,15420,11859,300,104,199,93,46,26,171,31,133,134,29,1329,514,24,49,18,15,33,40,38,76,30,27,9,17,18,22,86,259,65812,327,226,103,21,33345,34769
E07000047,West Devon,57096,32612,11468,9386,267,108,224,117,60,42,211,30,130,158,49,1578,655,48,110,168,200,130,69,74,65,67,38,8,17,30,28,98,200,55119,383,263,100,15,27936,29160
E07000061,Eastbourne,101686,55669,18041,15514,287,126,486,205,152,68,4,2,152,513,123,8647,1695,55,209,50,58,79,69,90,130,47,175,28,26,71,47,189,500,91681,3454,2658,977,177,48532,53157
E07000062,Hastings,90995,52718,15478,13694,215,95,383,122,119,41,8,1,136,384,108,6085,1408,16,70,40,91,115,87,84,90,2,11,19,34,65,78,181,323,83505,2183,1684,649,102,44146,46850
E07000063,Lewes,99905,58363,17859,15182,300,152,423,206,133,51,16,6,177,403,152,4609,1877,15,132,135,136,83,55,79,88,5,70,15,14,21,47,175,389,94527,1648,811,290,56,48111,51794
E07000064,Rother,93108,53151,20357,13969,279,97,322,173,99,56,8,4,129,383,87,3044,953,100,110,46,68,92,86,74,142,73,75,46,74,92,76,171,437,89169,979,565,183,45,44221,48889
E07000065,Wealden,160152,92690,31684,25701,478,201,591,343,166,77,13,3,263,562,159,5255,1968,85,89,70,86,137,92,117,166,115,127,40,65,109,105,194,569,152877,1839,953,302,53,77137,83014
E07000066,Basildon,187571,100068,40469,31199,312,117,457,207,126,47,4,1,193,804,126,11200,2240,2,20,19,34,38,37,50,61,1,25,18,15,36,33,110,255,171066,4721,3224,1138,186,91067,96504
E07000067,Braintree,155268,85076,33722,27108,289,143,559,225,161,69,10,0,202,621,131,5559,1391,6,44,61,52,62,65,94,83,3,22,14,29,50,62,150,422,145977,2177,1594,575,95,76123,79145
E07000068,Brentwood,77047,42845,15869,11827,168,104,233,115,85,32,2,0,114,569,93,3840,1155,13,19,9,15,19,16,38,53,7,32,2,9,11,15,83,267,71495,1839,851,271,53,37460,39587
E07000069,Castle Point,89587,47046,24479,15164,126,47,196,73,57,15,3,0,77,304,51,1492,462,0,5,1,5,17,25,33,44,0,3,2,7,9,14,76,191,85609,654,533,241,47,43362,46225
E07000070,Chelmsford,181523,100790,34337,29350,427,178,558,325,201,97,10,3,275,968,208,10905,2891,52,307,219,213,110,57,67,88,57,460,56,88,72,40,110,350,166881,5107,2756,996,144,89034,92489
E07000071,Colchester,192715,106398,31990,31708,442,195,813,414,247,112,19,3,337,877,186,15409,3564,8,1652,295,142,102,61,76,101,5,1645,119,55,73,60,177,411,174049,6873,4013,1241,229,94267,98448
E07000072,Epping Forest,134980,76614,27728,17797,225,114,360,171,115,42,9,1,150,871,157,8435,2192,44,17,13,27,59,66,99,87,6,9,13,18,27,54,151,310,122312,3968,2669,1063,175,65591,69389
E07000073,Harlow,93329,48877,17608,13762,144,56,241,89,77,22,8,1,88,428,47,10452,1428,0,10,3,9,16,17,10,33,0,5,3,10,15,17,55,105,80315,4022,3778,1348,203,45408,47920
E07000074,Maldon,66208,36466,16103,11085,125,71,214,75,46,21,12,1,56,256,46,1224,406,0,4,11,22,7,20,35,44,0,5,5,20,7,19,69,186,63685,378,251,125,26,32392,33816
E07000075,Rochford,85661,46833,21420,14739,169,56,234,86,55,25,4,0,81,260,47,1188,463,0,2,3,5,19,21,28,29,0,2,3,1,11,14,40,109,82281,525,261,112,22,41504,44157
E07000076,Tendring,148291,78075,37979,26101,284,117,545,211,137,40,4,2,174,583,100,3032,911,1,14,22,70,141,93,130,131,2,11,24,59,132,96,232,484,142078,1052,841,391,64,71475,76817
E07000077,Uttlesford,91341,52862,17003,14432,277,152,397,226,107,69,11,0,163,460,119,3799,1262,32,76,35,23,9,8,42,66,33,69,18,16,12,18,68,298,85775,1590,776,272,52,44649,46692
E07000078,Cheltenham,118836,66195,16479,19370,1190,610,628,366,188,112,48,13,467,540,170,9734,2727,219,607,53,89,70,32,95,108,488,974,24,46,51,47,141,429,107474,3971,2900,956,139,58085,60751
E07000079,Cotswold,90832,52648,16293,14472,689,333,453,242,108,70,33,3,260,338,95,3516,1281,20,159,44,29,11,13,40,57,36,195,16,4,9,12,65,251,86541,1131,666,157,18,43772,47060
E07000080,Forest of Dean,87004,48170,16184,15362,2155,863,304,124,74,43,32,2,338,170,47,2401,737,12,519,152,62,84,31,41,36,6,601,21,47,36,29,62,162,83112,648,542,301,75,42563,44441
E07000081,Gloucester,132416,73230,20979,22009,1278,496,456,223,138,66,40,3,358,462,82,10570,2026,0,257,85,121,108,55,83,66,2,362,43,58,78,40,111,262,117816,4399,3871,1703,286,65500,66916
E07000082,Stroud,121104,70674,20724,20253,1080,482,521,244,145,54,42,10,336,371,128,4129,1913,73,64,21,40,57,38,71,73,55,76,25,27,55,27,120,315,115710,1214,684,219,45,59235,61869
E07000083,Tewkesbury,94884,53501,16102,17378,899,468,458,270,110,61,34,7,281,283,77,3834,1123,2,50,50,48,28,16,50,38,0,4,8,15,25,26,53,174,88713,1619,1061,345,50,46089,48795
E07000084,Basingstoke and Deane,185154,102635,29841,30406,789,447,845,485,211,108,45,10,420,740,209,14466,3494,101,66,70,63,29,52,58,103,11,45,41,22,22,42,125,356,166352,6530,4316,1462,326,91668,93486
E07000085,East Hampshire,125744,73991,21391,20563,496,255,538,386,128,79,18,0,311,383,164,5208,1833,65,130,25,75,51,31,76,124,39,147,39,61,47,37,172,464,118808,1889,1150,383,78,61011,64735
E07000086,Eastleigh,136443,81056,22001,23332,508,231,510,303,121,60,28,3,250,362,90,5701,1886,3,21,46,41,34,37,62,118,2,17,20,27,37,35,123,346,127157,2741,1503,506,114,66700,69743
E07000087,Fareham,114511,66985,21216,19521,544,250,651,365,148,90,28,4,208,263,81,2949,1210,37,432,136,66,67,43,91,113,47,62,16,30,39,41,153,409,109469,1244,633,229,55,55793,58720
E07000088,Gosport,81952,47066,15444,14265,404,174,663,295,108,74,14,2,161,141,45,2436,658,4,212,146,53,47,23,52,49,1,11,12,17,128,31,75,205,77655,846,671,235,41,40111,41841
E07000089,Hart,99408,57372,16471,16115,556,324,563,351,142,93,17,6,265,463,91,4715,1865,37,675,305,96,31,9,26,53,36,61,46,24,26,15,66,185,92848,2032,1144,336,60,49145,50263
E07000090,Havant,124208,72410,23799,21984,378,184,506,257,90,56,13,0,177,272,51,3129,899,14,12,25,38,69,80,123,80,0,5,26,23,70,59,144,305,118081,1368,856,311,49,59978,64230
E07000091,New Forest,175785,101079,34902,29333,851,367,739,391,180,79,49,8,353,442,132,5049,1831,87,79,55,54,89,78,146,241,53,70,28,42,61,86,266,817,168250,1865,1134,312,63,84542,91243
E07000092,Rushmoor,99756,52737,15307,13947,368,188,517,268,121,59,18,5,211,362,101,13347,2201,0,438,379,76,27,30,54,55,0,20,31,26,19,25,54,147,81544,5764,5139,2397,1129,49888,49866
E07000093,Test Valley,130492,75243,21681,22031,595,317,613,384,148,105,30,8,322,329,94,6646,1946,88,83,158,185,89,35,71,94,85,41,22,23,52,54,122,370,121171,2731,1850,629,119,63884,66608
E07000094,Winchester,127444,75601,18266,20939,636,331,597,440,191,144,33,5,364,495,167,6603,2631,445,1510,459,211,125,53,77,121,114,1576,62,42,38,42,125,444,119744,2461,1306,405,95,62065,65380
E07000095,Broxbourne,99009,54548,20289,11716,125,59,218,76,91,18,7,0,81,694,119,9119,1843,0,7,4,1,12,10,11,26,0,5,2,12,13,11,29,71,86883,3396,3451,1584,212,47881,51126
E07000096,Dacorum,155081,88656,26727,22155,423,244,655,315,184,103,12,3,288,1132,252,10889,3045,47,178,445,356,128,54,64,96,55,113,17,19,21,38,123,311,140193,4735,3312,1086,176,76129,78952
E07000098,Hertsmere,107827,63984,15101,12132,252,106,297,162,145,42,5,0,138,1258,166,11253,2785,14,11,11,33,74,46,50,64,35,39,12,18,57,38,113,264,93399,5464,3836,1210,192,51799,56028
E07000099,North Hertfordshire,133210,77647,22230,19991,438,265,716,352,177,86,17,7,289,943,182,7000,2870,10,17,28,35,34,48,77,99,24,30,11,31,44,56,127,357,123183,3183,1619,671,114,64738,68472
E07000102,Three Rivers,93771,55080,15284,11668,246,123,350,207,147,42,8,1,175,1026,188,6941,2287,2,34,72,94,56,26,27,46,44,64,22,13,14,12,36,103,83721,4120,2152,659,94,45650,48121
E07000103,Watford,102246,57141,11827,8548,206,89,307,153,130,49,6,4,126,1260,179,18676,3545,0,17,30,30,32,44,60,54,0,6,16,21,22,46,86,200,79640,9425,6650,2298,342,50345,51901
E07000105,Ashford,132747,74598,23938,20606,298,120,446,212,133,40,10,3,184,459,110,9406,2186,37,65,29,56,59,44,58,62,31,1,12,28,31,32,127,264,119669,3998,3067,1234,407,64591,68156
E07000106,Canterbury,157432,87391,27778,23965,393,188,618,265,255,112,34,2,331,715,268,11778,3333,235,3064,175,101,132,92,97,97,137,3606,143,77,127,85,193,519,145109,4686,2617,886,162,75583,81846
E07000107,Dartford,116753,64541,21435,15581,157,54,232,89,93,39,3,2,111,542,91,11125,2660,7,23,33,49,46,28,52,52,9,19,9,9,21,31,107,202,101365,5411,3589,1239,218,57154,59599
E07000108,Dover,116410,67234,21397,19229,371,132,549,210,121,52,13,4,170,354,105,5228,1242,213,149,62,89,122,76,103,89,179,82,55,71,81,82,147,337,109088,1897,1424,574,143,56801,59609
E07000109,Gravesham,106900,59232,18936,14013,166,54,221,111,89,25,2,0,95,551,71,11536,1797,5,6,9,27,52,27,47,29,21,18,4,6,20,26,68,130,90755,4949,4697,2230,406,52233,54667
E07000110,Maidstone,175782,97489,32366,26523,446,159,508,247,145,68,32,6,222,611,147,14188,2624,14,312,349,220,87,62,77,136,12,37,54,75,77,47,173,403,156418,5884,5225,1740,430,86964,88818
E07000111,Sevenoaks,120514,67675,24214,18129,270,147,396,284,161,79,22,2,239,602,159,5860,2273,82,113,3,10,15,30,50,87,61,102,3,18,19,40,89,314,112707,2500,1037,362,53,58208,62306
E07000112,Folkestone and Hythe,109758,61115,22009,17158,294,119,485,208,127,64,16,3,170,411,96,6139,1343,1,349,137,88,118,71,90,96,0,25,15,92,64,70,141,360,101622,2439,1852,666,195,53575,56183
E07000113,Swale,151676,84632,31620,25317,277,129,412,157,138,56,16,2,154,511,92,6684,1477,2,251,813,716,348,92,74,77,2,8,8,20,43,36,107,261,140922,2221,2288,902,146,75316,76361
E07000114,Thanet,140587,79323,27740,21809,389,147,540,200,134,67,6,1,212,617,122,7686,1595,100,86,39,60,88,104,122,113,58,27,36,46,83,74,192,414,129876,2583,2311,1234,274,67660,72927
E07000115,Tonbridge and Malling,132201,76083,25676,21044,313,149,424,235,123,66,13,1,242,499,133,5121,2081,182,258,13,19,44,33,30,44,7,86,6,22,27,30,76,194,123859,2244,1172,449,93,64354,67847
E07000116,Tunbridge Wells,115311,67200,17993,17467,292,164,442,256,154,80,12,6,274,488,200,7821,2466,109,105,22,52,62,33,61,127,300,281,11,31,34,24,132,360,105831,3329,1883,621,94,55947,59364
E07000117,Burnley,94646,54152,16498,15053,139,39,426,173,146,44,4,0,100,241,37,6643,957,0,32,5,20,62,61,74,60,6,38,4,14,46,67,163,246,83069,2208,3231,2245,486,46797,47849
E07000118,Chorley,117732,68433,20392,23037,315,138,569,281,209,74,2,0,180,343,60,2858,841,5,120,560,611,344,163,126,91,0,9,16,16,27,53,172,281,111825,1039,920,451,91,58687,59045
E07000119,Fylde,81374,47561,14338,14366,259,127,816,410,144,64,7,1,126,266,48,2243,598,16,88,192,226,105,61,89,119,1,8,9,9,30,52,162,387,77708,802,591,309,51,39858,41517
E07000120,Hyndburn,82234,48297,14694,13841,129,39,401,134,200,46,2,0,95,172,33,3317,834,0,15,14,36,35,60,57,47,3,6,5,32,42,48,103,214,74580,1300,1906,1311,248,40478,41756
E07000121,Lancaster,142934,80494,21238,25993,589,282,1096,500,329,122,14,5,334,438,141,9235,2122,126,2871,354,195,97,77,118,123,133,3020,155,39,37,68,186,408,131571,3510,2594,1103,159,69929,73002
E07000122,Pendle,95757,56426,14018,12934,109,44,332,131,94,43,0,4,98,173,25,10134,1193,2,1,3,9,25,39,50,61,0,3,4,8,10,29,87,200,80846,2377,4728,3471,823,47361,48396
E07000123,Preston,147835,86698,17634,21938,319,132,736,302,337,107,6,3,218,582,104,16280,2440,69,1692,427,283,156,99,126,120,13,2006,219,72,66,77,158,343,124868,7086,6715,3299,558,73734,74101
E07000124,Ribble Valley,61561,35834,11436,11650,119,59,267,152,84,30,4,0,93,179,45,1142,467,105,79,29,56,55,43,50,67,99,56,13,12,18,18,71,192,59209,413,281,136,12,30204,31357
E07000125,Rossendale,70871,42181,13135,12625,143,60,284,107,107,31,2,0,88,232,59,1374,442,8,8,10,31,63,50,71,65,2,8,6,14,26,60,122,215,67172,510,546,394,84,34765,36106
E07000126,South Ribble,111035,65363,18788,21672,262,99,591,266,201,64,5,1,135,345,67,2476,697,10,29,44,54,47,22,36,57,4,6,16,20,33,24,101,244,105660,971,797,375,76,54301,56734
E07000127,West Lancashire,117429,69478,18795,21731,413,152,448,160,260,99,16,1,165,375,83,4439,816,7,1072,29,9,30,47,109,114,5,2511,15,14,22,48,185,359,110645,1394,1530,706,121,56427,61002
E07000128,Wyre,111946,65206,20910,21201,288,113,781,347,135,67,2,0,157,243,48,1841,607,57,289,12,17,34,61,109,127,39,190,11,14,29,62,159,385,107709,581,483,247,67,54430,57516
E07000129,Blaby,102926,57546,21465,16855,263,112,325,164,79,28,3,0,114,288,55,4505,1123,0,2,9,14,26,14,21,43,0,2,5,11,13,21,76,150,94369,2566,1803,748,156,50448,52478
E07000130,Charnwood,183971,104104,33466,28799,698,294,715,313,206,114,26,0,389,578,157,10904,3202,50,4170,209,118,121,71,106,77,23,2763,128,46,88,78,161,391,166768,5847,4063,1711,282,92040,91931
E07000131,Harborough,97625,56316,19647,15371,408,173,497,230,122,51,15,2,209,292,85,3103,1104,26,114,183,224,177,52,77,68,5,12,4,13,15,31,79,192,92200,1497,784,322,55,48349,49276
E07000132,Hinckley and Bosworth,113642,61360,25735,20061,371,150,467,215,91,42,10,0,206,278,65,3679,909,20,17,6,22,32,30,49,68,24,19,16,12,27,31,91,273,107229,1506,1112,451,72,56033,57607
E07000133,Melton,51752,28725,10763,9148,162,67,290,128,66,23,8,1,74,146,40,1700,407,8,43,7,17,18,15,23,26,8,10,2,0,21,16,44,120,48933,618,584,207,26,25256,26496
E07000134,North West Leicestershire,104706,56915,22669,18866,309,151,503,221,101,54,16,4,178,258,62,3574,823,4,4,6,9,23,20,50,37,4,2,0,7,20,21,75,158,98440,1357,1147,480,61,51634,53071
E07000135,Oadby and Wigston,57747,34991,9533,7386,126,36,176,64,38,26,7,0,71,206,40,3780,1268,4,689,9,8,31,26,36,58,0,668,11,10,12,22,71,175,50500,2970,1745,798,146,27993,29754
E07000136,Boston,70502,29197,13534,11479,111,40,201,81,43,32,7,0,49,82,14,14665,967,1,10,62,129,116,41,55,59,0,5,2,10,21,23,69,166,54259,4188,5472,3779,732,34696,35806
E07000137,East Lindsey,142296,76180,33378,27168,374,147,724,275,142,70,16,1,158,250,45,2618,750,11,269,264,147,102,72,145,140,12,41,57,74,61,89,251,462,136945,836,785,402,65,69525,72771
E07000138,Lincoln,103813,53159,16225,19822,261,114,536,217,121,59,10,1,236,363,80,10949,1661,5,2608,255,199,108,35,73,77,13,3221,70,32,26,43,111,281,90922,3777,3964,1805,295,51403,52410
E07000139,North Kesteven,118075,66391,23581,21359,468,262,836,436,191,121,24,5,195,264,75,3005,858,11,398,454,160,66,52,80,80,2,92,92,35,37,38,127,266,112662,1070,794,366,76,57854,60220
E07000140,South Holland,95122,44310,21241,16425,189,80,372,154,82,31,6,0,92,164,37,10880,1060,5,5,9,12,17,26,85,88,3,8,3,9,26,30,133,315,81955,3212,4495,2380,304,46755,48367
E07000141,South Kesteven,143404,78831,28584,24690,463,231,827,387,168,87,13,2,244,349,89,6809,1629,64,76,9,24,28,46,88,114,56,27,5,11,28,35,144,429,133578,2506,2442,886,148,69508,73896
E07000142,West Lindsey,95156,53577,19074,18222,279,123,507,276,94,60,6,0,136,203,50,1974,572,10,75,72,47,101,45,74,96,4,31,32,38,53,52,119,253,91185,768,481,185,21,46689,48464
E07000143,Breckland,141476,72742,30513,23944,410,175,575,269,121,53,20,1,203,351,55,10541,1506,2,167,398,360,166,94,125,153,1,6,16,25,61,75,210,502,128814,2954,3529,1917,322,70124,71352
E07000144,Broadland,131721,74743,26429,24108,292,124,535,238,112,59,9,1,156,262,77,3414,1162,1,7,49,58,105,57,108,127,2,8,17,35,56,88,154,385,125893,1296,804,288,59,64263,67458
E07000145,Great Yarmouth,99748,49818,22377,18596,162,62,385,139,68,26,6,0,98,210,33,7064,705,0,5,13,39,37,69,72,87,0,5,10,19,32,49,121,267,90758,2166,2328,1362,278,48892,50853
E07000146,Kings Lynn and West Norfolk,154325,77749,33993,27803,366,144,613,236,146,65,17,2,200,335,58,11136,1460,9,252,176,73,59,51,88,147,14,28,30,21,40,55,182,459,141439,3292,3354,1715,277,75361,78964
E07000147,North Norfolk,102980,55150,24627,18631,247,119,423,214,85,42,11,0,158,217,56,2192,808,92,106,144,224,253,147,132,107,70,40,8,58,78,66,130,397,99615,591,502,176,45,50298,52681
E07000148,Norwich,143922,76352,19434,24051,316,146,583,267,141,88,26,9,317,518,216,17840,3616,13,2206,339,211,107,41,74,76,18,2584,145,50,33,32,80,271,125783,6614,5162,2016,253,71071,72851
E07000149,South Norfolk,141948,80121,27273,25372,318,174,583,253,132,69,9,2,210,272,98,5184,1881,179,168,41,56,84,47,88,102,146,141,18,40,58,43,154,377,134429,1964,1090,417,81,69238,72709
E07000163,Craven,56927,33442,10211,10238,106,56,291,124,60,30,3,0,102,130,40,1479,617,39,41,11,17,21,12,44,60,34,37,3,10,23,30,66,195,54685,452,315,117,19,27618,29309
E07000164,Hambleton,90690,54092,15712,16302,258,150,720,400,117,77,9,5,131,200,41,1885,595,3,282,191,49,32,22,45,56,3,33,32,17,19,28,67,159,87178,623,469,205,42,44234,46456
E07000165,Harrogate,162666,97540,24241,26889,449,247,1340,687,235,114,18,1,299,486,158,7815,2147,214,1342,238,131,83,90,161,163,314,303,42,82,96,82,242,681,153513,2424,1870,643,93,79663,83007
E07000166,Richmondshire,49776,28736,8331,8559,170,75,656,308,95,78,2,1,102,105,35,2094,425,117,1295,731,162,16,17,44,35,6,55,59,9,13,13,54,96,46839,786,662,115,23,25465,24311
E07000167,Ryedale,54707,31648,10107,9885,112,55,339,133,52,27,9,1,80,128,52,1634,441,73,121,10,14,14,13,32,49,49,93,8,5,19,19,48,142,52203,460,414,249,36,26684,28023
E07000168,Scarborough,108736,61207,20326,20741,198,77,702,269,83,47,2,1,149,140,51,3933,810,63,62,29,45,75,61,95,116,17,70,18,21,60,69,177,403,102837,1296,1148,612,108,52836,55899
E07000169,Selby,91988,53967,15386,17379,239,104,481,240,94,51,5,0,107,180,49,2932,775,7,12,21,29,9,16,33,48,48,69,3,8,13,21,83,168,86596,981,1015,460,59,45182,46806
E07000170,Ashfield,126300,67555,28514,23663,209,72,364,142,105,41,8,1,106,144,40,4478,855,0,23,46,59,80,66,87,98,1,9,24,37,84,67,136,262,118470,1702,1565,571,98,61859,64441
E07000171,Bassetlaw,117804,66117,23101,21144,256,97,557,201,81,38,1,0,112,165,33,5022,879,14,144,459,427,144,59,111,123,16,22,29,36,17,50,170,334,109625,1623,1972,1022,134,58413,59391
E07000172,Broxtowe,110940,60736,22374,17593,350,173,486,210,118,66,19,2,227,335,113,6320,1819,2,445,59,57,40,29,67,109,5,572,30,26,35,37,128,332,102537,2730,1850,663,111,54398,56542
E07000173,Gedling,117264,67050,24578,18035,269,104,482,162,135,40,12,1,145,460,106,4397,1286,1,12,7,8,17,35,60,54,1,4,9,6,23,26,114,227,110090,1876,1234,514,69,56879,60384
E07000174,Mansfield,110482,58531,22051,19032,204,62,433,135,91,33,3,1,119,211,37,8493,1045,1,19,20,41,62,53,49,60,0,1,10,26,64,32,110,233,98681,2771,3670,1653,232,54393,56089
E07000175,Newark and Sherwood,122956,69452,23720,21025,357,166,625,289,108,55,8,2,154,288,83,5513,1112,18,214,384,329,154,55,77,91,22,366,48,43,38,48,129,270,114535,1969,2000,816,107,60498,62458
E07000176,Rushcliffe,119077,70708,20400,18404,540,258,647,360,182,82,15,2,261,531,145,4528,2012,1,256,202,281,254,118,104,92,0,515,89,29,40,45,143,329,112214,2209,915,331,47,58348,60729
E07000177,Cherwell,161016,87921,25880,22698,728,378,802,384,222,104,33,5,421,698,187,16981,3572,138,269,249,210,73,56,80,112,131,156,25,22,24,52,144,340,141071,6664,5577,1882,299,79904,81112
E07000178,Oxford,162040,79325,13814,17544,789,375,760,495,262,159,32,11,754,1320,545,37058,8797,488,7878,1301,226,122,55,66,81,280,8476,1196,131,62,47,96,232,129117,16087,8914,3129,477,79622,82419
E07000179,South Oxfordshire,149085,84967,23345,23132,903,442,783,486,179,115,31,8,425,767,198,9805,3498,104,374,408,234,79,34,81,95,33,73,51,29,34,45,132,364,137542,3931,2153,721,123,73557,75528
E07000180,Vale of White Horse,138913,77561,21394,21440,881,504,831,509,175,114,52,3,516,651,221,10480,3578,581,768,279,128,29,30,79,115,45,210,44,17,22,48,129,350,126892,4586,2143,648,107,68952,69961
E07000181,West Oxfordshire,114237,65312,19521,17936,745,384,645,391,177,80,25,7,334,469,155,5897,2158,100,496,424,153,46,36,82,122,73,112,84,19,20,33,153,391,106785,2157,1393,431,68,56131,58106
E07000187,Mendip,116089,66128,20316,19702,745,303,480,231,145,53,54,9,288,390,169,5277,1796,326,380,23,38,42,43,73,95,258,272,21,42,50,31,124,336,109713,1587,1173,356,69,56386,59703
E07000188,Sedgemoor,125343,66936,24104,23390,908,370,414,200,90,53,49,11,270,302,80,7032,1133,100,86,39,98,78,44,73,117,5,48,23,32,40,46,140,374,116143,2291,2382,891,174,62077,63266
E07000189,South Somerset,172671,93326,33324,31845,1013,429,724,390,182,114,71,17,358,375,90,8594,1819,144,488,292,112,48,38,103,155,124,150,52,46,23,38,179,581,160744,3084,2725,1132,169,84509,88162
E07000192,Cannock Chase,100519,54900,22728,19267,316,123,365,149,65,23,5,0,123,156,31,1844,427,9,25,5,9,15,30,53,50,8,11,8,5,7,20,81,154,95458,762,650,257,53,49512,51007
E07000193,East Staffordshire,124020,66581,23118,19718,356,172,431,169,110,53,4,0,156,302,57,11233,1563,20,154,404,418,139,53,67,56,24,39,10,26,32,45,121,251,107976,4275,5278,2094,326,62034,61985
E07000194,Lichfield,106436,59815,22886,18526,394,215,383,200,110,47,8,3,179,320,75,2469,806,1,506,80,20,36,31,57,80,1,21,18,11,19,46,145,281,101315,1031,752,290,50,52443,53993
E07000195,Newcastle-under-Lyme,123299,69113,24994,21720,488,212,355,171,113,50,8,7,195,214,77,4294,1288,9,955,47,23,25,37,68,84,2,1374,37,6,17,44,125,328,115774,2133,1442,502,78,60459,62840
E07000196,South Staffordshire,110472,59630,27772,19667,433,146,261,114,93,34,7,0,116,270,52,1364,514,5,634,998,918,315,118,130,92,12,5,5,8,26,46,109,249,106341,629,414,213,49,55308,55164
E07000197,Stafford,136867,77132,26030,23867,709,312,648,319,187,86,10,2,251,408,89,5369,1449,16,179,286,228,229,126,110,98,3,67,59,139,63,34,157,377,128218,2481,1586,522,89,67632,69235
E07000198,Staffordshire Moorlands,95845,54162,20914,17817,296,114,239,127,82,37,12,0,115,127,26,1287,487,39,63,8,18,44,50,68,65,8,11,11,18,61,51,147,247,92663,404,275,113,29,47279,48566
E07000199,Tamworth,78646,41613,17300,14635,215,84,253,98,59,28,3,0,106,233,32,3477,515,3,11,5,4,15,10,26,29,1,17,4,3,6,13,49,125,72762,1393,1433,405,57,38735,39912
E07000200,Babergh,92341,50353,20201,16881,243,123,357,211,88,52,6,5,149,222,87,2485,878,101,81,16,21,28,31,95,81,104,70,4,22,26,32,114,291,88494,807,547,174,31,44811,47527
E07000202,Ipswich,139642,70570,23550,24162,229,84,380,202,115,56,13,1,213,385,102,17128,2453,23,287,49,54,40,46,80,97,18,361,27,16,29,27,114,315,118944,5989,6205,3091,544,69316,70326
E07000203,Mid Suffolk,102699,56225,22253,19051,276,104,409,172,87,40,14,0,142,223,60,2761,881,33,221,184,57,19,18,70,87,14,26,41,20,9,29,114,267,98582,766,498,197,22,50636,52063
E07000207,Elmbridge,138754,81295,17444,17461,550,358,622,441,244,118,23,3,379,1447,245,13538,4586,71,116,5,26,64,43,84,126,36,61,2,15,35,56,140,489,124800,5395,2782,896,113,67013,71741
E07000208,Epsom and Ewell,80938,46844,12032,9840,275,127,341,156,98,47,12,3,171,651,154,7728,2460,72,135,27,20,45,26,33,28,42,175,20,20,21,15,46,120,71308,3804,2187,856,166,39202,41736
E07000209,Guildford,143650,80920,19352,20928,624,319,654,422,237,131,18,2,406,746,179,14724,3987,29,3187,603,131,43,32,46,95,51,2952,293,107,69,36,105,264,128423,6639,3557,986,121,70720,72929
E07000210,Mole Valley,87386,51269,14591,12989,321,174,369,230,141,70,10,3,188,509,124,4729,1671,64,105,72,53,48,46,58,94,59,82,24,28,38,51,105,285,81957,1722,1001,331,57,42501,44885
E07000211,Reigate and Banstead,150846,87193,24580,20792,457,250,562,326,197,84,16,2,301,986,222,11674,3203,132,225,439,376,223,90,107,154,143,89,100,104,126,61,145,598,136506,5333,2690,894,146,73827,77019
E07000212,Runnymede,88079,48132,13939,12138,320,165,333,190,102,44,22,0,205,673,121,9330,2366,34,1357,66,8,32,22,37,63,15,1738,39,13,29,22,66,222,78275,4045,2160,651,106,42534,45545
E07000213,Spelthorne,102956,56300,18597,12846,326,133,421,200,115,54,16,0,146,773,129,10479,2422,1,8,12,5,10,26,62,79,0,32,86,98,32,30,94,190,89348,5501,3272,1094,155,50621,52335
E07000214,Surrey Heath,90453,52454,14687,12780,350,205,486,285,121,67,13,2,207,472,102,6315,1909,68,85,191,176,99,48,72,92,57,68,3,12,26,39,118,348,82147,3125,1769,686,150,44453,46000
E07000215,Tandridge,87876,51706,15840,12913,274,165,341,219,120,51,3,2,220,505,133,3983,1401,65,112,25,39,78,44,60,94,373,247,17,20,63,42,103,296,82330,1614,735,234,44,42332,45542
E07000216,Waverley,128229,76516,18636,19434,514,336,640,394,172,132,15,7,378,716,218,7228,2890,501,711,66,74,100,43,87,136,207,668,48,75,86,72,206,530,120024,2657,1426,392,83,62198,66031
E07000217,Woking,103943,58900,13275,13233,361,237,474,330,118,79,16,7,254,662,112,12425,3460,3,21,22,30,35,36,46,84,2,9,9,23,27,27,76,227,89042,5700,3754,1485,279,51639,52304
E07000218,North Warwickshire,65035,35574,15448,11234,201,105,225,92,49,22,3,0,89,188,42,1459,303,7,2,4,15,32,38,70,64,9,3,4,10,35,40,94,225,61897,621,486,130,32,31914,33121
E07000219,Nuneaton and Bedworth,134197,73436,26298,22072,418,138,718,256,120,23,9,0,155,354,71,8688,1440,0,4,10,24,40,32,76,65,0,6,7,3,31,45,137,233,120055,4113,3690,1460,282,65912,68285
E07000220,Rugby,114363,60269,19014,16757,541,236,626,273,208,62,13,3,247,553,129,12913,2520,159,330,88,29,54,30,66,91,115,199,16,21,35,38,126,283,97906,5661,5158,1716,215,56951,57412
E07000221,Stratford-on-Avon,134725,76100,25626,21825,746,354,635,334,166,90,19,5,323,612,145,5906,1843,1,25,12,16,36,41,87,118,0,64,10,17,27,39,182,424,126693,2281,1527,547,90,65374,69351
E07000222,Warwick,148453,81296,21903,22197,799,433,758,387,251,113,27,4,427,1112,303,14409,4034,23,1221,134,73,95,67,79,84,18,1167,116,47,65,49,142,375,131957,7202,3390,1278,217,73847,74605
E07000223,Adur,64544,37912,12018,9924,179,68,257,93,75,32,7,2,129,256,61,2612,920,77,61,5,11,16,19,27,47,44,63,3,7,14,29,67,178,60751,1009,628,291,45,31215,33329
E07000224,Arun,164889,88866,34822,26136,473,212,636,257,159,65,23,14,265,532,133,10367,1929,13,214,270,324,261,146,174,200,4,170,67,68,111,128,265,797,151197,3542,3683,1905,339,79459,85430
E07000225,Chichester,124068,71891,22288,19658,430,216,527,338,134,62,24,2,282,464,112,5840,1800,72,623,452,288,79,96,123,134,130,807,68,34,25,68,162,487,116962,2005,1352,542,113,59515,64553
E07000226,Crawley,118493,65437,16711,14239,203,109,369,189,107,29,10,2,152,520,104,17353,2960,11,77,67,46,27,15,11,26,4,14,14,13,17,13,46,131,96070,8135,6784,2512,412,59001,59492
E07000227,Horsham,146778,85218,25156,23609,475,267,696,356,165,92,23,9,316,687,158,7083,2467,413,207,52,64,44,51,91,135,335,249,35,44,34,58,118,466,137720,2844,1435,469,80,71633,75145
E07000228,Mid Sussex,152566,89130,24757,23506,450,198,723,391,172,85,22,6,317,852,217,8773,2968,165,123,46,51,48,38,106,139,166,143,42,30,34,37,153,485,141876,3530,1726,608,93,74066,78500
E07000229,Worthing,111338,63686,19535,17089,321,145,435,211,129,47,16,4,168,503,106,7146,1798,4,29,43,75,104,95,138,142,3,28,28,40,62,87,228,523,102364,2990,1969,698,112,53829,57509
E07000234,Bromsgrove,99183,57613,20113,16723,487,237,269,126,100,49,15,3,183,416,97,1902,850,118,178,208,200,82,50,94,133,70,90,0,11,27,44,184,428,94769,902,366,179,32,48453,50730
E07000235,Malvern Hills,79486,45161,14936,13825,791,366,314,160,106,53,13,0,229,189,70,2348,924,172,224,36,16,36,34,80,111,178,206,20,27,27,37,137,389,76251,757,481,192,49,38637,40849
E07000236,Redditch,87036,47737,16871,13976,321,147,238,91,87,34,5,3,102,242,47,6129,1004,5,17,4,3,9,15,32,21,0,17,7,6,9,21,45,107,77713,2370,2866,1017,146,42987,44049
E07000237,Worcester,103872,56885,17377,17076,829,333,363,164,108,67,26,0,247,326,83,8418,1569,20,389,49,59,32,17,47,41,16,736,23,16,18,18,83,192,92870,3534,3043,1069,174,50873,52999
E07000238,Wychavon,132492,72766,26675,21933,937,440,484,233,111,54,21,2,304,323,100,6700,1409,10,49,157,221,138,46,71,106,1,11,7,12,25,39,112,358,122824,2268,2608,1019,176,64993,67499
E07000239,Wyre Forest,101607,55948,22262,18423,529,204,263,103,69,29,8,4,140,199,65,2673,687,125,74,15,26,47,59,69,92,4,0,9,13,31,44,119,255,96531,968,972,339,53,49822,51785
E07000240,St Albans,148167,87330,19544,19949,550,351,729,509,239,137,12,4,455,1699,411,11613,4635,32,89,41,70,67,25,35,84,28,46,20,29,42,34,113,365,134129,5310,2565,1026,168,72296,75871
E07000241,Welwyn Hatfield,119836,65546,17855,15717,304,165,502,232,132,60,14,2,194,925,178,14919,3089,4,1800,128,37,34,39,45,70,71,2181,167,46,34,33,92,243,103815,6275,4339,1396,147,58907,60930
E07000242,East Hertfordshire,150158,83559,28581,22980,423,218,611,335,183,104,20,1,312,1039,260,8843,2691,234,238,46,52,73,56,52,89,186,205,38,50,49,50,129,279,138584,3888,2077,633,100,73503,76655
E07000243,Stevenage,89495,49007,15996,13636,198,101,376,157,86,30,11,1,142,520,106,7511,1617,2,23,36,34,43,26,40,45,5,13,9,21,36,25,70,164,79174,3732,2370,802,123,44158,45337
E07000244,East Suffolk,246058,133670,51656,47338,565,254,1086,561,200,94,25,8,395,589,143,7212,2260,124,296,254,316,241,112,204,267,87,103,26,39,66,109,316,983,235021,2425,1752,693,107,119835,126223
E07000245,West Suffolk,179948,87984,35665,28063,492,171,844,348,232,88,9,1,277,724,136,22299,2616,38,1245,783,499,178,67,125,157,50,267,53,32,26,50,189,492,164367,4520,3765,1295,184,90114,89834
E07000246,Somerset West and Taunton,157445,85260,29543,28470,992,418,575,275,181,119,97,15,340,433,114,8653,1961,230,367,131,127,155,95,149,157,182,212,43,75,97,89,184,581,146313,3385,2489,865,103,76475,80970
E08000001,Bolton,295963,174855,43323,43301,418,199,802,316,294,106,5,4,239,962,145,27155,3842,56,233,65,71,130,82,168,147,8,198,55,47,79,114,252,529,253869,9764,12303,7590,1558,145907,150056
E08000002,Bury,193851,115132,31004,29582,421,183,785,330,378,120,4,1,245,1197,211,12109,2149,89,139,69,88,156,110,111,117,6,25,21,26,71,84,217,457,174961,4485,4590,2631,545,95110,98741
E08000003,Manchester,551938,310709,48800,56401,2310,891,2401,903,1947,456,46,11,1221,6175,990,103748,14929,50,7410,996,508,458,262,241,166,42,9047,564,125,174,158,338,542,434289,40168,35592,17854,3578,274061,277877
E08000004,Oldham,242088,147724,36738,31756,273,97,583,238,262,99,4,0,178,766,136,19792,3441,14,11,32,51,96,99,139,113,8,17,21,18,68,98,243,378,207898,6692,9247,7246,1647,118323,123766
E08000005,Rochdale,223773,135768,33768,30571,339,126,614,241,354,90,0,1,175,1052,136,17848,2691,5,36,209,213,189,112,145,107,0,9,9,23,75,80,191,388,194800,6225,7872,5278,987,109718,114055
E08000006,Salford,269923,147221,38599,40284,960,418,1158,384,706,214,8,2,421,1812,260,32908,4567,6,1695,463,399,212,96,102,84,14,1726,90,56,65,64,196,293,229864,12290,10804,5532,879,135534,134389
E08000007,Stockport,294773,176297,48727,46405,985,423,1320,629,607,211,12,3,516,2103,453,12112,3969,43,67,45,51,68,101,203,200,26,59,39,38,65,81,346,736,272788,5746,4107,2010,389,143400,151373
E08000008,Tameside,231071,134231,41702,37168,382,151,671,251,249,84,6,1,276,789,153,12539,2418,19,9,4,13,53,84,171,119,20,7,21,18,23,61,250,427,209879,4738,4819,2991,615,113276,117797
E08000009,Trafford,235052,145913,30617,31396,763,407,1068,486,613,203,16,3,407,2703,523,14966,4965,0,24,35,49,91,65,116,134,2,13,18,22,54,72,198,452,211103,8555,5017,2349,359,114408,120644
E08000010,Wigan,329330,190146,57903,62978,628,224,836,328,317,121,17,0,274,769,120,12669,1999,13,190,195,142,109,116,216,176,5,23,5,12,60,127,329,638,307912,4365,4450,2067,307,162997,166333
E08000011,Knowsley,154519,97192,22419,27572,266,94,263,101,218,59,2,2,110,488,72,4792,870,2,5,2,17,43,47,83,83,9,8,13,11,38,58,154,255,144261,1961,1631,760,149,73849,80668
E08000012,Liverpool,486088,284327,60220,71841,2952,998,1365,462,2845,692,30,5,803,4134,654,47571,7191,28,7358,989,694,466,297,346,224,10,9133,465,129,177,192,449,677,425452,17762,16314,9306,1606,236628,249460
E08000013,St. Helens,183248,108435,30994,35116,405,161,476,170,192,63,6,0,173,561,90,5387,1021,7,44,22,48,49,67,101,104,6,30,14,14,44,66,193,364,172666,1860,1962,948,171,89914,93334
E08000014,Sefton,279233,172535,43536,45271,770,290,1067,457,479,126,8,0,343,1180,263,10905,2003,12,50,110,184,231,213,299,293,19,23,15,74,157,176,442,1054,261763,3519,3790,2036,310,135243,143990
E08000015,Wirral,320199,200663,47652,54259,1624,653,1070,454,571,198,16,1,579,1413,342,8248,2455,16,23,43,103,206,191,237,254,4,22,28,59,138,165,416,850,303454,3326,2378,1242,288,155077,165122
E08000016,Barnsley,244572,137612,44081,48522,325,163,724,242,133,52,4,4,180,281,80,10644,1526,1,34,59,70,84,108,132,134,0,19,16,31,76,93,282,497,226571,3626,4439,1793,276,120279,124293
E08000017,Doncaster,308106,172225,51214,56924,532,175,1536,575,242,96,19,2,308,529,100,20999,2632,20,487,1101,1025,411,145,173,156,14,70,50,71,90,97,242,518,276387,7260,9287,4295,742,152826,155280
E08000018,Rotherham,265807,154085,48223,49188,329,124,778,296,120,53,6,1,204,355,83,10168,1797,4,20,87,122,160,102,138,115,3,23,52,69,108,82,265,450,246654,3900,4062,2292,399,130260,135547
E08000019,Sheffield,556521,319878,79703,89721,1109,527,1539,694,561,246,37,13,877,1453,596,49402,10165,24,7274,1071,273,275,206,300,277,21,7477,774,152,172,232,578,1097,491478,18228,18070,9322,1712,274194,282327
E08000021,Newcastle upon Tyne,300125,172289,33173,48109,474,213,2073,927,1045,386,16,2,687,1198,346,33352,5835,25,6017,670,226,177,185,221,199,34,7288,541,83,88,121,325,714,260069,13352,10933,5653,956,148323,151802
E08000022,North Tyneside,208967,131431,29843,36015,267,102,1682,616,346,164,14,2,270,477,109,5851,1778,2,14,15,31,55,72,115,127,1,13,0,22,48,81,217,424,197592,2397,1487,896,199,101337,107630
E08000023,South Tyneside,147776,91155,23072,27963,136,54,638,218,98,43,5,1,91,173,57,3357,713,3,56,25,52,87,71,113,91,0,28,9,14,46,72,150,320,140074,1298,1114,677,148,71714,76062
E08000024,Sunderland,274172,165136,43657,53693,223,83,985,371,213,98,5,2,173,303,69,7719,1439,10,517,251,117,123,120,198,162,10,726,153,107,75,116,367,653,259351,3125,2357,1152,253,133093,141078
E08000025,Birmingham,1144919,721108,119732,110753,2823,1199,2161,947,1730,459,57,12,1424,9158,1488,146341,25527,268,6424,1124,1034,948,550,546,480,255,9331,828,478,520,416,862,1776,929445,57964,62499,42140,8859,560423,584496
E08000026,Coventry,345325,183330,44507,41274,1067,448,1391,537,674,164,27,5,509,3177,477,59709,8028,6,4864,528,133,116,95,167,148,1,4956,369,58,85,89,235,529,274880,25437,21505,9874,1516,172187,173137
E08000027,Dudley,323486,174713,73578,57084,763,315,518,203,183,74,13,2,350,621,139,12502,2429,105,62,30,61,110,93,151,147,3,15,24,44,105,103,270,651,298942,4968,5211,3097,652,159017,164471
E08000028,Sandwell,341832,195468,51967,40286,408,160,358,131,202,68,6,1,204,862,169,46170,5372,50,32,71,114,185,117,152,131,6,16,29,68,134,115,260,477,274709,17226,20420,13420,2973,168255,173577
E08000029,Solihull,216240,127926,39478,32866,719,396,637,322,295,102,9,6,271,1777,298,8378,2759,1,13,37,78,81,63,88,106,0,8,25,31,45,60,138,424,200119,5435,2617,1151,208,104960,111280
E08000030,Walsall,284124,160534,52560,43042,440,190,346,137,130,64,2,0,210,661,131,22334,3342,10,128,24,61,56,84,116,130,7,203,27,43,36,71,174,471,246705,9413,9780,6248,1260,138657,145467
E08000031,Wolverhampton,263727,147667,40748,32342,547,194,361,170,224,59,3,2,270,732,122,36169,4119,39,599,134,86,122,138,148,163,14,726,80,46,76,109,261,580,215986,13082,14738,8677,1691,129552,134175
E08000032,Bradford,546412,355729,62567,65835,557,255,1558,591,484,179,12,2,558,1187,265,46783,9849,95,653,315,313,284,279,247,238,362,888,142,113,210,199,412,931,459904,18591,24829,17951,3843,267444,278968
E08000033,Calderdale,206631,126507,32964,33076,392,144,820,322,258,92,8,2,274,735,151,8621,2265,56,66,13,50,62,57,124,110,5,20,5,22,28,57,191,424,190762,3244,3313,2267,474,100730,105901
E08000034,Kirklees,433216,273858,61261,63177,596,237,1390,530,456,160,10,2,419,1175,302,24022,5620,95,1133,183,120,206,207,184,227,7,1246,111,102,188,168,406,867,386069,10235,12192,8405,1592,212346,220870
E08000035,Leeds,811956,479668,102164,124711,1630,733,3592,1512,1556,516,50,5,1371,3710,965,75655,14114,70,6454,1066,653,387,237,380,411,53,7967,570,183,200,209,626,1428,713111,30199,26188,12776,2118,396374,415579
E08000036,Wakefield,353368,204416,57326,65616,507,196,1283,514,273,103,8,0,327,542,94,18883,3282,21,105,255,383,407,191,216,160,18,56,132,139,136,136,353,669,322562,6706,7658,3885,681,173831,179539
E08000037,Gateshead,196151,117776,29836,35006,179,80,1184,400,272,105,3,0,186,424,120,9023,1560,11,393,46,57,117,112,166,148,7,459,18,34,83,96,250,523,182293,3187,2864,1581,380,96199,99952
E09000001,City of London,8583,3706,547,615,34,15,51,34,28,1,3,3,18,103,40,2740,642,24,24,17,36,26,8,2,0,0,24,5,8,6,2,0,0,6624,1305,386,116,19,4722,3861
E09000001,City of London,8583,3706,547,615,34,15,51,34,28,1,3,3,18,103,40,2740,642,24,24,17,36,26,8,2,0,0,24,5,8,6,2,0,0,6624,1305,386,116,19,4722,3861
E09000001,City of London,8583,3706,547,615,34,15,51,34,28,1,3,3,18,103,40,2740,642,24,24,17,36,26,8,2,0,0,24,5,8,6,2,0,0,6624,1305,386,116,19,4722,3861
E09000001,City of London,8583,3706,547,615,34,15,51,34,28,1,3,3,18,103,40,2740,642,24,24,17,36,26,8,2,0,0,24,5,8,6,2,0,0,6624,1305,386,116,19,4722,3861
E09000002,Barking and Dagenham,218869,124319,22052,13685,106,47,214,63,120,24,4,0,115,921,108,51201,5890,6,48,49,29,56,56,77,63,7,15,24,23,43,53,90,165,158652,19341,20302,9296,1309,106581,112288
E09000003,Barnet,389344,230264,26190,25430,656,323,961,505,510,145,14,4,404,4628,747,81106,17457,33,288,134,127,182,170,158,179,39,361,117,75,168,118,263,670,289057,38886,31657,13502,2000,188545,200799
E09000004,Bexley,246472,136567,47557,29086,408,146,539,246,243,59,11,4,250,1636,256,23888,5572,1,79,12,9,39,70,111,81,2,96,7,8,19,50,201,397,214970,11147,7639,3324,557,118502,127970
E09000005,Brent,339816,192958,11885,10330,373,199,576,314,529,107,20,4,255,6033,512,100094,15628,8,998,167,135,200,140,109,86,10,1194,199,88,99,85,122,218,217371,43039,42680,20618,4063,166695,173121
E09000006,Bromley,329992,190389,52238,38571,800,399,1263,688,457,160,23,5,539,2918,607,30998,9933,143,80,34,68,88,58,89,148,8,50,30,45,56,61,188,557,292904,14952,7604,2707,442,158258,171733
E09000007,Camden,210136,112673,12389,12872,606,331,990,540,439,145,28,4,431,3159,577,52322,12629,21,2197,441,184,137,62,46,33,26,3045,465,125,70,35,47,77,160655,25430,11891,5198,860,99484,110652
E09000008,Croydon,390719,239761,36468,29288,672,331,1010,474,446,143,21,6,519,3067,538,64741,13235,35,174,141,230,383,244,219,175,21,112,68,126,229,173,289,554,315336,27514,21728,9490,1504,187633,203086
E09000009,Ealing,367115,206128,19270,16784,810,447,990,515,606,158,28,5,430,5508,693,97641,17101,13,914,138,157,216,145,172,129,15,1097,103,59,144,113,205,326,244855,45696,40933,19432,3440,180910,186205
E09000010,Enfield,329984,203574,26016,17669,392,178,602,246,348,103,14,7,317,3500,560,64995,11461,2,30,38,94,193,132,168,143,0,20,29,32,112,109,205,494,242839,25292,28460,17997,3052,157511,172473
E09000011,Greenwich,289068,157830,28727,22669,637,350,1109,456,495,177,31,4,460,2822,539,60609,12154,8,1219,515,340,203,93,94,68,4,1009,96,43,100,87,117,212,227031,24449,16854,7724,1534,140498,148570
E09000012,Hackney,259146,156533,12930,14257,719,398,1530,577,660,157,34,10,554,3710,741,53989,12350,77,320,176,186,212,57,52,21,101,520,162,110,104,52,68,79,199667,23015,14674,9972,1869,123843,135303
E09000013,Hammersmith and Fulham,183157,95048,12259,12397,536,273,923,544,430,150,16,5,432,3094,453,45950,10647,8,561,372,225,118,36,49,19,3,551,152,34,41,27,45,99,139670,22711,10975,3737,545,85943,97214
E09000014,Haringey,264238,147884,12865,14023,676,349,1182,581,516,173,34,12,468,3575,696,67844,13360,4,395,149,118,104,54,50,29,8,699,118,62,98,33,60,88,185666,25880,24854,15762,2970,127244,136994
E09000015,Harrow,261203,157374,14528,11160,332,156,378,249,244,57,5,2,202,3459,413,60608,12038,314,518,67,82,139,62,83,73,4,49,41,71,100,70,145,292,174443,34239,29168,11974,2020,128797,132406
E09000016,Havering,262052,143039,53664,31682,343,148,494,219,211,67,14,3,207,1886,228,25232,4615,3,44,23,26,96,106,114,127,0,20,25,23,56,70,194,546,227346,11539,9198,3567,632,126384,135668
E09000017,Hillingdon,305909,175601,33705,21969,518,230,665,310,347,84,14,4,301,3417,433,58456,9855,5,1880,299,106,120,81,139,93,5,1474,209,88,71,86,180,425,229263,30038,23689,9509,1739,151049,154860
E09000018,Hounslow,288181,156903,21507,14987,431,234,737,376,333,98,16,5,282,2585,409,77811,11468,28,378,123,91,80,41,65,50,27,27,43,84,53,57,112,203,198853,36348,28032,11898,2277,143202,144979
E09000019,Islington,216589,116684,15493,14720,694,369,1417,657,647,178,32,6,517,4321,751,48452,11651,3,1372,460,230,172,101,68,37,3,1912,308,112,74,65,70,88,169831,22659,10992,5286,870,103298,113291
E09000020,Kensington and Chelsea,143375,70420,8336,7220,273,170,544,402,181,66,9,3,260,1681,291,44142,9377,7,383,141,119,83,95,154,117,13,373,145,103,69,39,69,118,106682,20887,8669,2998,412,67063,76312
E09000021,Kingston upon Thames,168063,93898,17586,16136,539,309,634,360,272,145,28,10,386,1593,373,28392,7403,4,710,136,61,114,57,66,89,13,1269,120,61,80,47,133,321,134395,14243,9451,3880,533,81016,87047
E09000022,Lambeth,317654,182911,17683,22233,1246,662,1898,1023,839,288,53,11,873,4645,949,67869,14468,20,701,393,385,368,168,105,62,11,1050,177,109,162,78,113,173,253317,25584,18080,9452,1865,153941,163713
E09000023,Lewisham,300553,177196,22231,21003,784,415,1396,642,552,194,48,42,600,3317,847,57699,13587,4,379,108,145,182,108,94,68,10,710,124,46,130,77,134,201,242028,22055,15373,7987,1450,142733,157820
E09000024,Merton,215186,118220,18142,16054,582,366,739,486,406,121,21,6,393,2802,511,45754,10582,0,30,32,34,68,82,71,73,0,19,22,19,64,52,111,279,162563,20874,15867,6715,948,104656,110531
E09000025,Newham,351036,197995,14502,12010,382,198,540,284,272,82,17,6,211,1548,231,109739,13016,4,624,226,100,96,64,47,36,0,834,173,54,58,34,60,98,220022,43497,45802,23756,3521,175313,175723
E09000026,Redbridge,310260,194730,19769,14864,296,163,450,214,290,76,15,3,208,1945,279,66168,10791,16,96,65,146,178,130,102,89,6,96,40,78,118,69,160,294,218924,32968,30036,13705,2004,153331,156929
E09000027,Richmond upon Thames,195278,110773,19335,19900,890,578,1139,740,468,183,37,3,623,3031,592,27700,9286,18,438,37,50,45,48,68,80,16,410,53,11,36,47,127,300,167514,13209,5731,2087,347,93961,101317
E09000028,Southwark,307637,174100,20439,20144,924,524,1589,831,692,278,40,18,713,3945,841,67840,14719,28,1369,218,134,131,84,54,37,2,2208,275,45,63,47,66,112,244002,27450,16058,8603,1616,149004,158633
E09000029,Sutton,209639,118340,31232,21799,446,195,572,305,224,92,12,5,258,1847,331,26381,7600,2,8,41,76,99,65,75,75,0,5,41,50,97,56,114,367,173379,15289,9709,3363,514,101483,108156
E09000030,Tower Hamlets,310306,179775,14755,14787,697,345,1183,583,527,179,37,11,408,2582,496,79526,14410,258,1475,442,295,221,98,47,21,242,2045,454,221,121,61,50,63,218131,37285,24671,15566,3101,155869,154437
E09000031,Waltham Forest,278426,165025,21073,16990,553,251,976,396,384,123,39,2,418,2679,556,58252,10710,9,161,113,118,168,107,102,61,3,210,68,48,75,70,100,176,206863,22586,24055,11456,1678,136474,141951
E09000032,Wandsworth,327506,178256,21979,29010,1401,823,1947,1366,880,373,59,7,1040,5636,942,66697,17090,13,819,462,386,230,89,97,108,6,1268,124,67,133,83,149,297,261751,30641,16100,6292,1060,155253,172253
E09000033,Westminster,204236,102517,10541,9807,412,243,706,440,320,113,21,5,361,2185,401,63993,12172,167,1238,314,206,122,56,18,23,51,1057,265,157,103,34,44,51,146375,30418,14911,6296,988,98909,105327
W06000001,Isle of Anglesey,68878,12594,8794,1541,38301,3847,319,72,84,16,8,1,1416,241,41,984,619,3,31,34,32,25,30,42,68,6,14,12,13,15,32,71,222,66462,305,196,101,22,33659,35219
W06000002,Gwynedd,117393,17913,12902,2546,69560,5214,412,55,171,11,26,3,2345,339,127,4213,1557,25,847,125,52,53,47,100,103,13,1172,90,61,53,59,174,456,111446,1437,935,413,76,57525,59868
W06000003,Conwy,114741,27890,20914,3486,48207,6629,633,110,158,37,12,3,2092,591,72,2774,1133,31,25,57,88,130,90,101,146,19,15,39,36,101,92,219,479,109757,1018,662,304,64,55585,59156
W06000004,Denbighshire,95817,20992,17324,2831,42851,5860,487,93,144,30,11,1,1743,315,46,2274,815,62,87,45,71,102,102,109,84,25,77,35,47,90,64,171,326,91451,737,574,241,59,46609,49209
W06000005,Flintshire,154962,39903,33292,6094,53791,9446,788,150,237,46,13,1,3040,420,63,6446,1232,26,38,42,38,21,32,68,72,22,41,27,22,23,51,139,301,145037,1954,2142,1197,230,75903,79059
W06000006,Wrexham,135117,25371,16004,2834,67775,10848,521,102,153,24,8,0,2158,303,50,7633,1331,19,265,620,565,192,108,132,107,13,80,22,39,49,88,158,329,124402,2307,2627,1490,258,66876,68241
W06000008,Ceredigion,71475,15495,10425,2089,33359,3380,345,52,112,11,29,6,1444,258,89,3228,1152,2,1377,88,13,31,20,38,49,0,1567,67,15,11,21,64,190,67848,1208,602,225,27,34963,36512
W06000009,Pembrokeshire,123360,25618,14001,2461,65068,9250,644,108,134,32,22,3,1690,454,77,2803,994,13,79,107,69,113,84,103,134,10,14,26,37,66,76,180,328,118571,780,500,285,72,60071,63289
W06000010,Carmarthenshire,187897,27227,16440,2673,116686,13330,705,93,172,39,39,4,2731,433,112,5557,1662,22,164,93,136,133,118,170,141,18,160,57,62,104,101,255,524,178287,1695,1425,1041,272,91685,96212
W06000011,Swansea,238490,40666,13608,3080,137846,22004,777,145,249,52,62,9,2423,751,176,13266,3374,18,1470,235,198,120,107,134,164,8,1367,105,56,77,92,276,588,220870,4669,3852,2092,406,117524,120966
W06000012,Neath Port Talbot,142289,18006,7444,1330,97175,12664,440,54,105,17,16,3,1327,295,63,2513,838,16,1403,63,76,96,81,115,89,23,547,27,11,57,67,164,301,136319,907,633,359,103,69879,72410
W06000013,Bridgend,145488,21751,7737,1428,94209,13700,613,83,168,25,31,2,1300,292,62,3089,998,16,306,576,522,202,112,94,80,20,13,21,25,24,48,134,251,138807,1100,859,421,105,71863,73625
W06000014,Vale of Glamorgan,131939,27805,8489,1996,73276,12625,662,137,211,42,35,1,1193,427,100,3358,1582,20,323,174,52,58,53,81,78,16,209,43,24,36,46,113,291,125798,1348,615,248,71,63594,68345
W06000015,Cardiff,362308,79152,23661,7181,169253,31099,1362,232,605,118,165,19,4201,1609,432,34557,8662,53,5203,677,310,198,156,135,134,33,6505,444,122,93,119,284,555,320150,13717,10673,5698,1002,176850,185460
W06000016,Rhondda Cynon Taf,237651,27371,9348,1800,165928,23215,649,90,165,20,66,17,1999,374,80,5097,1431,27,355,73,67,59,86,122,103,7,260,35,19,25,74,223,443,226867,1642,1136,554,118,116330,121321
W06000018,Caerphilly,175952,23476,6856,1156,121706,16689,495,61,138,17,40,4,1587,235,45,2508,935,4,11,16,23,58,72,88,55,5,11,20,35,44,56,123,237,168653,950,694,316,75,85965,89987
W06000019,Blaenau Gwent,66904,9119,2951,413,45484,6311,114,21,34,5,16,0,681,63,14,1393,286,11,8,0,3,18,29,48,26,1,0,1,5,21,29,58,96,63594,429,464,254,55,32839,34065
W06000020,Torfaen,92276,14900,5093,976,58255,9351,315,43,80,12,15,1,871,180,46,1591,546,0,2,3,3,10,33,72,61,0,0,0,7,13,33,110,201,88059,565,515,182,58,44867,47409
W06000021,Monmouthshire,92957,25132,12890,2755,38913,7020,593,111,125,34,37,3,1351,274,82,2462,1176,55,70,137,201,147,66,59,62,34,38,27,25,49,38,85,264,89231,786,489,159,26,45540,47417
W06000022,Newport,159592,34980,9673,1971,81213,14948,558,101,176,24,33,1,1807,511,84,11037,2476,18,91,49,92,101,63,83,74,6,122,47,32,42,49,123,290,143840,3911,3807,1962,356,78421,81166
W06000023,Powys,133169,32540,23491,4174,55916,7760,655,121,168,31,38,3,2488,319,114,3965,1388,35,81,243,42,33,46,85,86,22,30,8,28,28,41,158,371,127410,1002,952,439,99,65702,67467
W06000024,Merthyr Tydfil,58836,6428,1954,320,41205,5452,133,39,31,9,3,0,486,74,4,2310,394,8,13,17,20,24,13,21,29,0,2,11,10,24,18,50,111,54784,778,765,514,116,28753,30086
